Project_ID,Constituency,State,Work category,Work description,RECOMMENDED AMOUNT   ( ₹ ),Category_Mean_Cost,Category_Median_Cost,Anomaly_Score
193991.0,ALLAHABAD,Uttar Pradesh,repair and renovation,roads work,9860000.0,597548.51,464802.0,-0.1147
264647.0,BOLPUR(SC),West Bengal,repair and renovation,"construction of gallery at s d s a stadium ,bolpur ,birbhum .executing agency e .o . bolpur municipality.",8983692.0,597548.51,464802.0,-0.1141
216827.0,LAKSHADWEEP(ST),Lakshadweep,normal/others,"procurement of a 32 slice ct scan machine to to indira gandhi hospital,kavaratti",45000000.0,521220.07,300000.0,-0.1126
196288.0,MISRIKH(SC),Uttar Pradesh,normal/others,supply and installation of led semi high mast light at 1 to 158 different places,47472048.0,521220.07,300000.0,-0.1126
290535.0,MISRIKH(SC),Uttar Pradesh,normal/others,supply and installation of led semihigh mast light 200 places,49740000.0,521220.07,300000.0,-0.1126
141045.0,AONLA,Uttar Pradesh,normal/others,supply and installation of led semi high mast light at 274 different places in district budaun,46470400.0,521220.07,300000.0,-0.1126
134984.0,SHAHJAHANPUR(SC),Uttar Pradesh,normal/others,installation of 156 led highmast lights for rural and urban areas as per enclosed list,37908000.0,521220.07,300000.0,-0.1121
194809.0,SHAHJAHANPUR(SC),Uttar Pradesh,normal/others,installation of 165 led highmast lights for rural and urban areas as per enclosed list,40095000.0,521220.07,300000.0,-0.1121
214766.0,ALLAHABAD,Uttar Pradesh,normal/others,allahabad loksabha kshetra roads construction,16757000.0,521220.07,300000.0,-0.1092
216762.0,SULTANPUR,Uttar Pradesh,normal/others,installation of semi high mask light octogonal and led in 99 different blocks as per the attachment,24641199.0,521220.07,300000.0,-0.1092
229416.0,MIRZAPUR,Uttar Pradesh,normal/others,works recomonded in letter no 216 for jamalpur block,22131000.0,521220.07,300000.0,-0.1092
193451.0,NAGALAND,Nagaland,normal/others,clean and green nagaland,15000000.0,521220.07,300000.0,-0.1092
140271.0,NAGALAND,Nagaland,normal/others,purchase of community ambulances 6 (six) nos.,16912380.0,521220.07,300000.0,-0.1092
294027.0,SHAHJAHANPUR(SC),Uttar Pradesh,normal/others,22 yatri tin bus shades list for rural and urban areas as per enclosed list,14533200.0,521220.07,300000.0,-0.1092
212736.0,CHANDAULI,Uttar Pradesh,normal/others,installation of 54 high mast lights in chandauli district.,12830000.0,521220.07,300000.0,-0.1092
201278.0,ANANTNAG,Jammu And Kashmir,normal/others,please release two crore rupees for the construction of sarai for the attendents of poor patients at gmc and associated hospitals at rajouri,20000000.0,521220.07,300000.0,-0.1092
194865.0,AONLA,Uttar Pradesh,normal/others,supply and installation of led semi high mast light as per list enclosed,21030400.0,521220.07,300000.0,-0.1092
138721.0,RAJGARH,Madhya Pradesh,normal/others,general workshed with toilets (125×80feet),16177075.0,521220.07,300000.0,-0.1092
295272.0,CHANDAULI,Uttar Pradesh,normal/others,installation of semi high mast light in different villages of chandauli district,14493600.0,521220.07,300000.0,-0.1092
229418.0,MIRZAPUR,Uttar Pradesh,normal/others,recommended work in letter number 215 for narayanpur block,19747300.0,521220.07,300000.0,-0.1092
211190.0,NORTH EAST DELHI,Delhi,normal/others,supply installation testing and commissioning of cctv surveillance system cum traffic monitoring anpr camera system,25217575.0,521220.07,300000.0,-0.1092
274638.0,PHULPUR,Uttar Pradesh,normal/others,sanlagn latter ke anusar 113 nag highmast light (9.00 mitar),20792000.0,521220.07,300000.0,-0.1092
184631.0,COIMBATORE,Tamil Nadu,normal/others,"construction of terrarium at park at semmozhi poonga, central zone in ward no.67 of coimbatore corporation",20000000.0,521220.07,300000.0,-0.1092
282269.0,SHAHJAHANPUR(SC),Uttar Pradesh,normal/others,installation of 125 led semi highmast lights for rural and urban areas as per enclosed list,31200000.0,521220.07,300000.0,-0.1092
170558.0,MISRIKH(SC),Uttar Pradesh,normal/others,supply and installation of led semi high mast light at different place in district sitapur,28310620.0,521220.07,300000.0,-0.1092
238655.0,BARABANKI(SC),Uttar Pradesh,normal/others,supply and installation of 60 highmast light in many areas of barabanki constituency,12600000.0,521220.07,300000.0,-0.1092
258118.0,BARABANKI(SC),Uttar Pradesh,normal/others,supply and installation of 61 highmast lights in many areas of barabanki lok sabha,12206893.0,521220.07,300000.0,-0.1092
153601.0,BARRACKPUR,West Bengal,normal/others,development of naihati state general hospital.,20000000.0,521220.07,300000.0,-0.1092
166162.0,ANANTNAG,Jammu And Kashmir,normal/others,please release one crore and fifty lakh from my mplads for the construction of sarai for the attendents of poor patients at gmc anantnag phase 1,15000000.0,521220.07,300000.0,-0.1092
259219.0,DHAURAHRA,Uttar Pradesh,normal/others,induction work of semi high mast light 6th at various places according to the attached list in the legislative assembly maholi and hargaon.,12533850.0,521220.07,300000.0,-0.1092
210661.0,SITAPUR,Uttar Pradesh,normal/others,installation of 80 six way 200 watt electric high mast lights on diffrent places.,13383520.0,521220.07,300000.0,-0.1092
154376.0,CHANDAULI,Uttar Pradesh,normal/others,supply and installation of led semi high mast lights at 54 different places in district chandauli (as per list enclosed).,13176000.0,521220.07,300000.0,-0.1092
180308.0,PHULPUR,Uttar Pradesh,normal/others,phulpur sansdiya kshetra me suchi ke anusar block wise 215 solar high mast light ka work,20609400.0,521220.07,300000.0,-0.1092
180315.0,MISRIKH(SC),Uttar Pradesh,normal/others,supply and installation of led semi high mast light at 79 diffrent places in district sitapur.,20304037.0,521220.07,300000.0,-0.1092
153603.0,BARRACKPUR,West Bengal,normal/others,development of bhatpara state general hospital.,20000000.0,521220.07,300000.0,-0.1092
195871.0,CHENNAI SOUTH,Tamil Nadu,normal/others,construction of first floor in ongoing community hall construction,16000000.0,521220.07,300000.0,-0.1092
228446.0,BHAVNAGAR,Gujarat,normal/others,"construction of community hall at fulsar, bhavnagar as per plan attached",11000000.0,521220.07,300000.0,-0.1075
228447.0,BHAVNAGAR,Gujarat,normal/others,"construction of community hall at ruva, bhavnagar as per plan attached",11000000.0,521220.07,300000.0,-0.1075
244721.0,CHANDAULI,Uttar Pradesh,normal/others,installation of high mast light in the common spaces of 49 villages in chandauli district.,11642400.0,521220.07,300000.0,-0.1075
156029.0,BARABANKI(SC),Uttar Pradesh,normal/others,supply and installation of 57 highmast light in many areas of loksabha barabanki,11953957.0,521220.07,300000.0,-0.1075
155524.0,OUTER MANIPUR(ST),Manipur,normal/others,construction of the following for the development of playground at shangshak phunghon; 1) construction of stage & ceiling 2) ground development 3) gallery block- 1 4) gallery block- 2 5) gallery block- 3 6) retaining wall- eastern side,11000000.0,521220.07,300000.0,-0.1075
149089.0,CHENNAI SOUTH,Tamil Nadu,normal/others,"construction of first floor in uphc, radhakrishnan salai. zone - 10, ward - 133",12000000.0,521220.07,300000.0,-0.1075
270346.0,JAUNPUR,Uttar Pradesh,normal/others,loksabha jaunpur ke antargat vidhansabha sadar malhani shahganj badlapur and mugrabadshahpur me 65 nag electric high mast light ka adhisthapan kary (parti nag dar se amount 1.78 lakh rupes only),11570000.0,521220.07,300000.0,-0.1075
252126.0,DOMARIYAGANJ,Uttar Pradesh,normal/others,uska brijmanganj marg se gangadhar pur hote hua baghi gav 1400 meetar pic road kary,11500000.0,521220.07,300000.0,-0.1075
174147.0,SITAPUR,Uttar Pradesh,normal/others,installation of 65 six way 200 watt electric high mast lights on diffrent places.,11402495.0,521220.07,300000.0,-0.1075
177536.0,TRIPURA WEST,Tripura,normal/others,"construction of indoor sports complex with facilities for badminton court, table tennis, squash, indoor gym and other amenities.",11517641.0,521220.07,300000.0,-0.1075
141110.0,BARASAT,West Bengal,normal/others,2 storied building for skill development centre,11000000.0,521220.07,300000.0,-0.1075
229414.0,MIRZAPUR,Uttar Pradesh,normal/others,works recomonded in letter no 217 for sikhar block,11576000.0,521220.07,300000.0,-0.1075
194520.0,TRIPURA WEST,Tripura,normal/others,installation of water treatment plants in 19 high schools under takarjala ac and golaghati ac at the rate of rs six lakhs each including maintenance for three years as per detail in letter no 4502 dated 5 april 2025 from dm and  collector west tripura  agartala,11322689.0,521220.07,300000.0,-0.1075
140274.0,NAGALAND,Nagaland,normal/others,construction of river embankment & water conservation plant at kikha kohima,11000000.0,521220.07,300000.0,-0.1075
277368.0,NARASAPURAM,Andhra Pradesh,normal/others,construction of multipurpose community hall at bhaggeswaram village in palacole mandal,12000000.0,521220.07,300000.0,-0.1075
210691.0,KOLKATA DAKSHIN,West Bengal,normal/others,"construction of three storeyed building for kmc primary school (english medium) at 113 by 1, kabisekhar kalidas roy road, in ward 88, under borough - viii.",12000000.0,521220.07,300000.0,-0.1075
242169.0,HOOGHLY,West Bengal,normal/others,construction of community centers and community halls,11717344.0,521220.07,300000.0,-0.1075
163131.0,AMALAPURAM(SC),Andhra Pradesh,normal/others,"formation of bt road from knf road to sathirevu puntha sc locality via lockpeet, luthern high school, jayapet in sakhinetipalli village",11586983.0,521220.07,300000.0,-0.1075
152256.0,CHENNAI NORTH,Tamil Nadu,normal/others,"construction of chennai girls higher secondary school building (g+1)12 class rooms at buddha street om dn -48, zone-04",10000000.0,521220.07,300000.0,-0.104
184578.0,CHENNAI SOUTH,Tamil Nadu,normal/others,construction of indoor stadium,10000000.0,521220.07,300000.0,-0.104
156952.0,SULTANPUR,Uttar Pradesh,normal/others,high mast light 9.5 mtr pole at different locations of 45by agency kshetriya prabandhak laghu udyog nigam prayagraj,10074960.0,521220.07,300000.0,-0.104
254284.0,ALLAHABAD,Uttar Pradesh,normal/others,roads in allahabad loksabha,9900000.0,521220.07,300000.0,-0.104
198279.0,NAGARKURNOOL(SC),Telangana,normal/others,construction of class rooms and toilets for mandal parishath upper primary school at desitikyal nagarkurnool district,10000000.0,521220.07,300000.0,-0.104
221826.0,TRIPURA WEST,Tripura,normal/others,"construction of rcc single storied framed structure building at medical service centre niramay under ramkrishna mission, viveknagar, dukli  agartala, west tripura",10000000.0,521220.07,300000.0,-0.104
150090.0,KOLKATA DAKSHIN,West Bengal,normal/others,"construction of proposed g+v storied educational building for use of english medium school, 17 debi chowdhury road, kolkata - 700024 under ward no. 79",10000000.0,521220.07,300000.0,-0.104
254851.0,CHENNAI NORTH,Tamil Nadu,normal/others,1.dental chairs with 3 kv stabilizer. 2. ultrasonic sealer. 3. light cure unit. 4. endomotor. 5. radio visio graphy rvg 1 no with monitor. 6. micromotor with straight hand piece. 7. ro approximate capacity bof 30 litres. 8. 3 kv stabilizer,10000000.0,521220.07,300000.0,-0.104
282656.0,OUTER MANIPUR(ST),Manipur,normal/others,installation of borewell handpump with submersible pump 10 villages within kamjong district,10000000.0,521220.07,300000.0,-0.104
164830.0,CHENNAI NORTH,Tamil Nadu,normal/others,"1) ultra sound machine with linear, curvilinear and echo probes, 2) fibre optic intubating bronchoscope (paediatric (3.2) size and standard specifications for use in intubation and thoracic surgeries. 3)  fibre optic intubating bronchoscope (adult size (5) and standard specifications for use in intubation and thoracic surgeries)",10000000.0,521220.07,300000.0,-0.104
204089.0,NAGARKURNOOL(SC),Telangana,normal/others,construction of social welfare boys hostel at undavelle,10000000.0,521220.07,300000.0,-0.104
216110.0,CHANDAULI,Uttar Pradesh,normal/others,installation of high mast lights in various villages of shivpur and ajgara,10763500.0,521220.07,300000.0,-0.104
155212.0,TURA,Meghalaya,normal/others,for supply of water pipeline and water pump for 50 different villages within dalu block.,10000000.0,521220.07,300000.0,-0.104
155216.0,TURA,Meghalaya,normal/others,for supply of water pipeline and water pump in 50 different villages within gambegre block.,10000000.0,521220.07,300000.0,-0.104
211751.0,CHENNAI CENTRAL,Tamil Nadu,normal/others,"forming of boxing accadamy inside a part of the gopalapuram playground in  dn-111, unit 25, zone -9, chepauk triplcane",10000000.0,521220.07,300000.0,-0.104
213686.0,CHENNAI NORTH,Tamil Nadu,normal/others,high end multipara monitor with provision for invasive bp and end tidal carbon dioxide monitoring and all accessories,9977320.0,521220.07,300000.0,-0.104
257051.0,RAIGANJ,West Bengal,normal/others,additional fund for completion of stadium at kaliyaganj municipality,10000000.0,521220.07,300000.0,-0.104
283790.0,NAGALAND,Nagaland,normal/others,purchase of ambulance (three nos.),9900000.0,521220.07,300000.0,-0.104
156949.0,SULTANPUR,Uttar Pradesh,normal/others,high mast light 9.5 mtr pole at different locations of 44 by agency kshetriya prabandhak laghu udyog nigam prayagraj,9851072.0,521220.07,300000.0,-0.104
156951.0,SULTANPUR,Uttar Pradesh,normal/others,high mast light 12.5 mtr pole at different locations of 17by samaj kalyan nigam (up sidko) sultanpur prayagraj,10098000.0,521220.07,300000.0,-0.104
218164.0,PHULPUR,Uttar Pradesh,normal/others,05 solar pawar plant and 02 solar highmast light,10471626.0,521220.07,300000.0,-0.104
149810.0,BARDHAMAN-DURGAPUR,West Bengal,normal/others,"construction of community hall at bhatar bazar plot no:2816/2817/2806, jl no:-63, mouza:-palar",10000000.0,521220.07,300000.0,-0.104
275361.0,OUTER MANIPUR(ST),Manipur,normal/others,installation of borewell handpump with submersible pump 10 numbers within kamjong district,10000000.0,521220.07,300000.0,-0.104
220280.0,MALDAHA DAKSHIN,West Bengal,normal/others,"construction of rcc bridge over river masna at sankar ghat under dogachi napara in samserganj block,dist.murshidabad",10000000.0,521220.07,300000.0,-0.104
241554.0,SRIPERUMBUDUR,Tamil Nadu,normal/others,construction of community hall building,10000000.0,521220.07,300000.0,-0.104
196895.0,NAGARKURNOOL(SC),Telangana,normal/others,construction of social welfare girls college hostel a in wanaparthy town,10000000.0,521220.07,300000.0,-0.104
226219.0,NAGPUR,Maharashtra,normal/others,"setting up of e-library at dr.babasaheb ambedkar law college, nagpur.",9998850.0,521220.07,300000.0,-0.104
225863.0,HARDOI (SC),Uttar Pradesh,normal/others,lighting of public spaces,9581750.0,521220.07,300000.0,-0.104
263517.0,GULBARGA(SC),Karnataka,normal/others,construction of 6 class rooms and other works to govt.hps school at ranjole village in sedam taluka,10000000.0,521220.07,300000.0,-0.104
145618.0,SULTANPUR,Uttar Pradesh,normal/others,as per list attached of 44 places of installation of high mast led light - 6 led for different blocks and villages.,9852234.0,521220.07,300000.0,-0.104
194318.0,ASANSOL,West Bengal,normal/others,"suppy and installation of solar street lights at different places under raniganj, jamuria, barabani, salanpur blocks.",9976028.0,521220.07,300000.0,-0.104
146422.0,CHENNAI CENTRAL,Tamil Nadu,normal/others,"construction of boxing academy building in gopalapuram ward 111, part 25, zone 9 of chennai central consituency",10000000.0,521220.07,300000.0,-0.104
195449.0,BARABANKI(SC),Uttar Pradesh,normal/others,supply and installation of 47 highmast light in many areas of barabanki constituency,9866200.0,521220.07,300000.0,-0.104
283805.0,NAGALAND,Nagaland,normal/others,improvement of road towards civil hospital circular road at mon town,9800000.0,521220.07,300000.0,-0.104
240691.0,SULTANPUR,Uttar Pradesh,normal/others,high mask light as per attached list,9992262.0,521220.07,300000.0,-0.104
134981.0,SHAHJAHANPUR(SC),Uttar Pradesh,normal/others,15 yatri tin/bus shades list for rural and urban areas as per enclosed list,9900000.0,521220.07,300000.0,-0.104
148981.0,SIVAGANGA,Tamil Nadu,normal/others,(mplads 2024-25) extension of bus stand in sivaganga municipality,10000000.0,521220.07,300000.0,-0.104
229508.0,OUTER MANIPUR(ST),Manipur,normal/others,installing 12 borewells within ukhrul district,10000000.0,521220.07,300000.0,-0.104
136140.0,FIROZABAD,Uttar Pradesh,normal/others,from anwara majra nagla chhainkur hanuman tample to railway underpass interlocking road and drainage system  developement lenght 400 meters by 7 meter,9511630.0,521220.07,300000.0,-0.1035
189846.0,SHAHJAHANPUR(SC),Uttar Pradesh,normal/others,14 yatri tin bus shades list for rural and urban areas as per enclosed list,9240000.0,521220.07,300000.0,-0.1023
193462.0,NAGALAND,Nagaland,normal/others,"construction of community approach road, soiling, metaling towards water point secretariat road",9400000.0,521220.07,300000.0,-0.1023
225857.0,HARDOI (SC),Uttar Pradesh,normal/others,lighting of public spaces,9227740.0,521220.07,300000.0,-0.1023
178906.0,AHMEDABAD EAST,Gujarat,normal/others,installation and fixing of gas based cremation furnance system at dahegaam nagarpalika at dahegam,9424000.0,521220.07,300000.0,-0.1023
194319.0,ASANSOL,West Bengal,normal/others,supply and installation of solar high mast light,9231040.0,521220.07,300000.0,-0.1023
246454.0,KARNAL,Haryana,normal/others,construction of interlocking in khadanja between road from kutani to pwd road,9386764.0,521220.07,300000.0,-0.1023
244989.0,ASANSOL,West Bengal,normal/others,development of pond by construction of bath ghat including community toilet with changing room and electric high mast lights,9122000.0,521220.07,300000.0,-0.1018
305611.0,SITAPUR,Uttar Pradesh,normal/others,installation of 53 six way 9 meter highmast  in loksabha-30 sitapur.,9051870.0,521220.07,300000.0,-0.1012
256906.0,AHMEDABAD WEST(SC),Gujarat,normal/others,mental hospital health equipment rtms (repetitive trans cranial magnetic stimulation) shahibagh,9000000.0,521220.07,300000.0,-0.1
275288.0,WEST DELHI,Delhi,normal/others,procurement of 4 nos sky top tree pruning machine for najafgarh and west zone - mcd,9000000.0,521220.07,300000.0,-0.1
274517.0,BARABANKI(SC),Uttar Pradesh,normal/others,supply and installation of 43 highmast lights in many areas of barabanki lok sabha,9030000.0,521220.07,300000.0,-0.1
276199.0,AHMEDABAD WEST(SC),Gujarat,normal/others,"procurement of rtms system  part-2 (repetitive transcranial magnetic stimulation, shahibagh",9000000.0,521220.07,300000.0,-0.1
193464.0,NAGALAND,Nagaland,normal/others,construction of flood control embankment at kayong,9000000.0,521220.07,300000.0,-0.1
195532.0,CHANDAULI,Uttar Pradesh,normal/others,"supply and installation of led semi high mast lights at 51 different places in harhua, cholapur, chiraigaon and pindra block in district varanasi, chandauli loksabha (as per list enclosed).",9026089.0,521220.07,300000.0,-0.1
174146.0,SITAPUR,Uttar Pradesh,normal/others,installation of 47 six way 200 watt electric high mast lights on diffrent places.,8244881.0,521220.07,300000.0,-0.0989
225865.0,HARDOI (SC),Uttar Pradesh,normal/others,lighting of public spaces,8710700.0,521220.07,300000.0,-0.0989
176431.0,HARDOI (SC),Uttar Pradesh,normal/others,50 no 200 watt light,8594232.0,521220.07,300000.0,-0.0989
275951.0,BHADOHI,Uttar Pradesh,normal/others,86 high mast solar lights for installation in handia and pratappur assembly constituency as per the attached list,8621382.0,521220.07,300000.0,-0.0989
183379.0,IDUKKI,Kerala,normal/others,"construction of new building for  govt.vocational higher secondary school -thodupuzha ,ward 7- v.h.s,thodupuzha municipality, idukki dist",8676888.0,521220.07,300000.0,-0.0989
193452.0,NAGALAND,Nagaland,normal/others,purchase of community ambulance,8500000.0,521220.07,300000.0,-0.0989
136732.0,HARDOI (SC),Uttar Pradesh,normal/others,39 ?? 170-200 ??? 06 ?? ???????? ???? ?? ????????? ?????,8602500.0,521220.07,300000.0,-0.0989
137367.0,KRISHNANAGAR,West Bengal,normal/others,"construction of chapra bus stand at karimpur krishnagar road under chapra gp, chapra block , nadia.",8800000.0,521220.07,300000.0,-0.0989
235614.0,ALLAHABAD,Uttar Pradesh,normal/others,allahabad loksabha kshetra handpump installation,8699002.0,521220.07,300000.0,-0.0989
189521.0,ASANSOL,West Bengal,normal/others,supply and installation of  17 nos 12 mtr. electric high mast light at different places within pandaveswar p.s. under paschim bardhaman district (each light cost rs. 4.82 lac),8194000.0,521220.07,300000.0,-0.0978
237932.0,INNER MANIPUR,Manipur,normal/others,"2nd phase of community media centre at soibam leikai, public mongpham, porompat",8100000.0,521220.07,300000.0,-0.0961
210408.0,ALLAHABAD,Uttar Pradesh,normal/others,solar light in allahabad loksabha chhetra,8087040.0,521220.07,300000.0,-0.0961
198336.0,BIRBHUM,West Bengal,normal/others,"wheel chair - 600 pcs  x 11300, tri cycel - 80 pcs x16500, birbhum distric block and town area distrubtion, executive agency -  officer in charge agro industries corportion ltd.",8100000.0,521220.07,300000.0,-0.0961
203045.0,UDHAMPUR,Jammu And Kashmir,normal/others,purchase of one (1) critical care mobile medical van to district ramban,8000000.0,521220.07,300000.0,-0.0955
212607.0,SOUTH DELHI,Delhi,normal/others,"construction of side berms from ganga bakas chowk to cci mode (maa anand mai marg) by providing curve stone, interlocking paver blocks etc. cci road, tughlakabad village, ward 178, cnz",7865926.0,521220.07,300000.0,-0.0955
213688.0,CHENNAI NORTH,Tamil Nadu,normal/others,"construction of compound wall at old block vyasarpadi 192 tenements  in division 46 colony, perambur  constituency.",7500000.0,521220.07,300000.0,-0.0955
203486.0,AMETHI,Uttar Pradesh,normal/others,"installation of 370 (three hundred seventy ) solar street lights at various locations in block gauriganj,jamo,shahgarh and musafirkhana as per the attached list.",7908440.0,521220.07,300000.0,-0.0955
274686.0,ANDAMAN AND NICOBAR ISLANDS,Andaman And Nicobar Islands,normal/others,construction of open bailey bridge at mohanpur ward no.2 kishorinagar diglipur tehsil,7041042.0,521220.07,300000.0,-0.0955
163760.0,AMALAPURAM(SC),Andhra Pradesh,normal/others,construction of cc drain along r and b road near p gannavaram junction towards main drain in p gannavaram village and mandal,7000000.0,521220.07,300000.0,-0.0955
166818.0,MOHANLALGANJ(SC),Uttar Pradesh,normal/others,65 lights 4 way light according to the list attach,7019025.0,521220.07,300000.0,-0.0955
179124.0,RAJAHMUNDRY,Andhra Pradesh,normal/others,construction of additional infrastructure at phule ambedkar bhavan in the municipal corporation of rajamahendravaram,8000000.0,521220.07,300000.0,-0.0955
252852.0,PHULPUR,Uttar Pradesh,normal/others,sanlagan ke anusar 04 interloking wark,7150000.0,521220.07,300000.0,-0.0955
208639.0,MEDINIPUR,West Bengal,normal/others,construction of bridge over kushmi khal at beniadiha in between pabnia and indra under baghasti gp,7285644.0,521220.07,300000.0,-0.0955
269245.0,WEST DELHI,Delhi,normal/others,providing and fixing of precast rcc benches with arm rest in various wards under the juridiction of west delhi lok sabha constituency in najafgarh zone nos of quantity is 875,6985680.0,521220.07,300000.0,-0.0955
174636.0,HINGOLI,Maharashtra,normal/others,construction of bridge with approch road towards primary health cement at. ashti tq. hadgaon dist nanded.,7938332.0,521220.07,300000.0,-0.0955
211150.0,KRISHNANAGAR,West Bengal,normal/others,upgradation of pattabuka community hall under karimpur -i block.,7910400.0,521220.07,300000.0,-0.0955
276201.0,AHMEDABAD WEST(SC),Gujarat,normal/others,advance phaco emulsification system(nos-1),8000000.0,521220.07,300000.0,-0.0955
268853.0,ALLAHABAD,Uttar Pradesh,normal/others,allahabad loksabha 52 chhetra handling  installation,7759136.0,521220.07,300000.0,-0.0955
251880.0,VIJAYAWADA,Andhra Pradesh,normal/others,"construction of community hall at60th division , vambay colony",7500000.0,521220.07,300000.0,-0.0955
198737.0,RAJAMPET,Andhra Pradesh,normal/others,construction of additional room and halls in the existing public community building bandakindapalli (v and g.p),7000000.0,521220.07,300000.0,-0.0955
280615.0,JANGIPUR,West Bengal,normal/others,construction of indoor badminton court  at jangipur,7165000.0,521220.07,300000.0,-0.0955
250877.0,PEDDAPALLE,Telangana,normal/others,purchase of 2nos buses for medical college,8000000.0,521220.07,300000.0,-0.0955
228661.0,AMETHI,Uttar Pradesh,normal/others,installation of 36 (thirty six) high mast electric lights as per the list attached. (previous letter no.13).,7200000.0,521220.07,300000.0,-0.0955
156804.0,MEDINIPUR,West Bengal,normal/others,construction of vented causeway bridge at parang khal in between jugdiha and gohaldihi,7429927.0,521220.07,300000.0,-0.0955
251879.0,VIJAYAWADA,Andhra Pradesh,normal/others,"construction of community hall at 31st division, vijayawada central constituency",7500000.0,521220.07,300000.0,-0.0955
207494.0,KOLKATA UTTAR,West Bengal,normal/others,construction of community hall with auditorium under ward no. 57,8000000.0,521220.07,300000.0,-0.0955
220829.0,AZAMGARH,Uttar Pradesh,normal/others,village kuwadevchand patti me shri sonu sharma ke home se shri shivakant yadav ke home tak cc road work,7850000.0,521220.07,300000.0,-0.0955
145107.0,BANKURA,West Bengal,normal/others,installation of 20 nos. of solar high mast lights at different places of  simlapal block area under bankura district,7600000.0,521220.07,300000.0,-0.0955
154261.0,HINDUPUR,Andhra Pradesh,normal/others,construction of community hall at survey no:782-2a & 782-2c of somandepalli village,7963254.0,521220.07,300000.0,-0.0955
184783.0,PERAMBALUR,Tamil Nadu,normal/others,construction of 3 class rooms for karikali govt high school at karikali pt t.pet pu (2024-2025),7200000.0,521220.07,300000.0,-0.0955
283789.0,NAGALAND,Nagaland,normal/others,youth outreach and empowerment programme,7800000.0,521220.07,300000.0,-0.0955
157138.0,HINDUPUR,Andhra Pradesh,normal/others,construction of community hall at survey no. 294-2 of parigi village,8000000.0,521220.07,300000.0,-0.0955
197245.0,FIROZABAD,Uttar Pradesh,normal/others,construction of cc road and drainage system from ration shop to bhole baba tample 430 meter by 6 meter,6997000.0,521220.07,300000.0,-0.0955
215505.0,AHMEDABAD WEST(SC),Gujarat,normal/others,advanced  phacoemulsification machine 1 nose m j western regional institute of ophthalmology,8000000.0,521220.07,300000.0,-0.0955
197963.0,FIROZABAD,Uttar Pradesh,normal/others,on tundla etah road from sonalika tractor agency to maharaj sing dhankar house 350 meter cc and drainage,6998000.0,521220.07,300000.0,-0.0955
157751.0,ERNAKULAM,Kerala,normal/others,"construction of samskarika nilayam , ward 4, kadamakudy grama panchayath (sc category)",7896000.0,521220.07,300000.0,-0.0955
229420.0,MIRZAPUR,Uttar Pradesh,normal/others,works recommended in letter no 219 for kon block,7149900.0,521220.07,300000.0,-0.0955
299400.0,KAKINADA,Andhra Pradesh,normal/others,construction of community hall (1st floor),7500000.0,521220.07,300000.0,-0.0955
191918.0,KRISHNANAGAR,West Bengal,normal/others,construction of community hall at narayanpur bazar under narayanpur-i gp under karimpur ii block.,6925908.0,521220.07,300000.0,-0.0938
225860.0,HARDOI (SC),Uttar Pradesh,normal/others,lighting of public spaces,6968560.0,521220.07,300000.0,-0.0938
266944.0,GULBARGA(SC),Karnataka,normal/others,construction of 4 class rooms and other works to goverment hps school at mahagaon village in kamalapur taluka,6600000.0,521220.07,300000.0,-0.0916
252116.0,DOMARIYAGANJ,Uttar Pradesh,normal/others,bhadariya chandradeep ghat marg khantara d y se pikaura tak 800 meetr pich road kary,6600000.0,521220.07,300000.0,-0.0916
170172.0,KHERI,Uttar Pradesh,normal/others,construction of rapata on drain on padukhia-trikoliya connecting road in village padukhia of gram panchayat gauriya,6798710.0,521220.07,300000.0,-0.0916
281155.0,BADAUN,Uttar Pradesh,normal/others,district badaun mein diffrent places par 48 no semi high mast light ka krya (4 lighto wali),6768000.0,521220.07,300000.0,-0.0916
266942.0,GULBARGA(SC),Karnataka,normal/others,construction of 4 class rooms and other works to govt. hps school at trt bhankur village in shahabad taluka,6600000.0,521220.07,300000.0,-0.0916
141109.0,BARASAT,West Bengal,normal/others,200 solar light,6803986.0,521220.07,300000.0,-0.0916
180904.0,TRIPURA WEST,Tripura,normal/others,"construction of community guest house at sri sri santikali sevashram, chintaram kobra para, champaknagar, jhirania, tripura west pin 799045",6683300.0,521220.07,300000.0,-0.0916
211149.0,KRISHNANAGAR,West Bengal,normal/others,construction of culvert at bara  khal under barachandghar gp under kaliganj block.,6501833.0,521220.07,300000.0,-0.0899
136736.0,HARDOI (SC),Uttar Pradesh,normal/others,31 ?? 06 ??  170-200 ??? ???????? ???? ?? ????????? ?????,6520794.0,521220.07,300000.0,-0.0899
252111.0,DOMARIYAGANJ,Uttar Pradesh,repair and renovation,bansi dumariyaganj road par khamariya khurd se siswa gav tak 700 meetar pich road nirman kary,6300000.0,597548.51,464802.0,-0.0892
295598.0,HOSHIARPUR(SC),Punjab,normal/others,construction of 7 mtr 2 span bridge at bist doab canal near village kukowal,6223000.0,521220.07,300000.0,-0.0888
283693.0,KRISHNAGIRI,Tamil Nadu,normal/others,bt road from sangepalli  to arupalli periyaubbanur pt.,6206000.0,521220.07,300000.0,-0.0888
189870.0,AMETHI,Uttar Pradesh,normal/others,"installation of 287 (two hundred eighty seven) solar street lights, as per the list attached",6447168.0,521220.07,300000.0,-0.0888
139548.0,KRISHNANAGAR,West Bengal,normal/others,"construction of culvert at nichupara canel under matiari village near the land of sushanta das & jagannath das under matiyari gram panchayat, block kaliganj, nadia.",6433401.0,521220.07,300000.0,-0.0888
212156.0,KARAKAT,Bihar,normal/others,"prakhand- daudnagar, panchayat -sinduar, vill- ekauni main high class community hall",6393000.0,521220.07,300000.0,-0.0888
266950.0,GULBARGA(SC),Karnataka,normal/others,construction of 4 class rooms and other works to government hps school at kondguli village in yadrami taluka,6400000.0,521220.07,300000.0,-0.0888
252124.0,DOMARIYAGANJ,Uttar Pradesh,normal/others,kathela gaurdeeh marg par dobha se navel sesh 700 meetar pich road kary,6300000.0,521220.07,300000.0,-0.0888
242876.0,CHITTOOR,Andhra Pradesh,normal/others,"i wish to inform that the government of andhra pradesh is conducting swatch andhra swarna andhra programme in all rural areas and door-to-door garbage collection is all the gram panchayats.  in this connection, some of the public representatives from the following gram panchayats have requested to provide e-autos to the gram panchayats for better performing of sanitation activities in villages.",6300000.0,521220.07,300000.0,-0.0888
262944.0,THRISSUR,Kerala,normal/others,construction of road to pallam sc unnati,6100000.0,521220.07,300000.0,-0.0876
209067.0,ASANSOL,West Bengal,normal/others,supply and installation of electric street lights (80 nos.),6160000.0,521220.07,300000.0,-0.0876
242608.0,MACHHLISHAHR(SC),Uttar Pradesh,normal/others,mere loksabha ke antargat pindra vidhansabha me 285 nag solar street light ka adhishthapan hona hai jisme ek nag solar light ki keemat 22464 rupaye hai aur 285 solar streeet light ki kul anumanit lagat 6402240 rupaye hai 285 light ki suchi samast gramsabhao aur deatail ke sath sanlagn hai,6126645.0,521220.07,300000.0,-0.0876
164779.0,CHANDAULI,Uttar Pradesh,normal/others,supply and installation of led semi high mast lights at 25 different places in district chandauli (as per list enclosed).,6100000.0,521220.07,300000.0,-0.0876
225862.0,HARDOI (SC),Uttar Pradesh,normal/others,lighting of public spaces,6097477.0,521220.07,300000.0,-0.0876
231653.0,BADAUN,Uttar Pradesh,normal/others,budaun mein 20 sthano par sheetal jal pyau ka adhisthapan (3.03 per pyau),6060000.0,521220.07,300000.0,-0.0876
188831.0,GHATAL,West Bengal,normal/others,installation of high mast light 16nos,5999949.0,521220.07,300000.0,-0.0865
179556.0,MEDINIPUR,West Bengal,normal/others,"construction of boundary wall and improvement of ground of belda stadium at mouza -susindaa jl. no. 320, plot no. 422, 423, 427, 428, 429, 430, 431, 437, 438, 442.",5970760.0,521220.07,300000.0,-0.0865
190727.0,BARASAT,West Bengal,normal/others,electrification of community cultural centre,6000000.0,521220.07,300000.0,-0.0865
178453.0,PALAMU(SC),Jharkhand,normal/others,purchase of advance life support system ambulance,6000000.0,521220.07,300000.0,-0.0865
182174.0,KAKINADA,Andhra Pradesh,normal/others,construction of retaining wall on yeleru canal right bank near sivalayam temple,6000000.0,521220.07,300000.0,-0.0865
179123.0,RAJAHMUNDRY,Andhra Pradesh,normal/others,construction of multipurpose activity centre at gadarada village,6000000.0,521220.07,300000.0,-0.0865
266346.0,POLLACHI,Tamil Nadu,normal/others,construction of extension of office building at subbammal street in pollachi municipality,6000000.0,521220.07,300000.0,-0.0865
202605.0,TIRUPPUR,Tamil Nadu,normal/others,construction of ground floor and 1st floor community welfare centre at azhukuli panchayat in gobi union at erode district,6000000.0,521220.07,300000.0,-0.0865
240203.0,INNER MANIPUR,Manipur,normal/others,"construction of market shed at keishamthong keithel, top leirak.",6000000.0,521220.07,300000.0,-0.0865
169792.0,SRIKAKULAM,Andhra Pradesh,normal/others,construction of rooms and halls in the existing public and community buildings at icds in kotabommali village of kotabommali mandal,6000000.0,521220.07,300000.0,-0.0865
283791.0,NAGALAND,Nagaland,normal/others,"integrated tothi chaka farm bhandari, wokha",6000000.0,521220.07,300000.0,-0.0865
248813.0,INNER MANIPUR,Manipur,normal/others,"2nd phase of athoupung leikol, a public park at arapti maning leikai (paona mongpham), lilong.",6000000.0,521220.07,300000.0,-0.0865
231995.0,AMALAPURAM(SC),Andhra Pradesh,normal/others,construction of burial ground shelter building,6000000.0,521220.07,300000.0,-0.0865
209334.0,INNER MANIPUR,Manipur,normal/others,,6000000.0,521220.07,300000.0,-0.0865
228662.0,AMETHI,Uttar Pradesh,normal/others,"installation of 275(two hundred seventy five) solar street lights, as per the list attached (previous letter no.19).",5909750.0,521220.07,300000.0,-0.0865
152381.0,ASANSOL,West Bengal,normal/others,construction of new community hall at rangamati village,6000000.0,521220.07,300000.0,-0.0865
152382.0,ASANSOL,West Bengal,normal/others,construction of new community hall.,6000000.0,521220.07,300000.0,-0.0865
141315.0,TIRUPPUR,Tamil Nadu,normal/others,"gobi,kugalur-b,(pommanaayakkan palaiyam)consraction pf community hall at gobi",6000000.0,521220.07,300000.0,-0.0865
227344.0,HINDUPUR,Andhra Pradesh,normal/others,"construction of community hall in sno. 353 in bc colony 2, kanaganipalli village mandal",6000000.0,521220.07,300000.0,-0.0865
214632.0,SITAPUR,Uttar Pradesh,normal/others,installation of 35 six way 9m hihg mast on diffrent places in loksabha -30 sitapur.,5849060.0,521220.07,300000.0,-0.0848
157697.0,BOLPUR(SC),West Bengal,normal/others,"construction of building ,toilet and plumbing works at uddharanpur village near electric crematorium under satihati gp.executing agency will be eo ketugram- ii panchayat samity.",5832150.0,521220.07,300000.0,-0.0826
274318.0,SURAT,Gujarat,normal/others,to allocate 1 smart panel to each of the schools mentioned in the list at a cost of 260000 per unit,5720000.0,521220.07,300000.0,-0.0826
176199.0,ALWAR,Rajasthan,normal/others,purchase work of 2 mobile library vehicles including training equipment and furniture in alwar lok sabha constituency,5800000.0,521220.07,300000.0,-0.0826
221011.0,REWA,Madhya Pradesh,normal/others,installation of open gym,5694490.0,521220.07,300000.0,-0.0826
249980.0,MACHHLISHAHR(SC),Uttar Pradesh,normal/others,"mere sansadiy kshetra machhalishahar ke vidhansabha zafarabad me 286 nag solar ka adhishthapan hona hai jiski suchi sath me sanlagn hain 20015 ki dar se 286 nag solar light ki keemat 57,24,290 rs hain",5724290.0,521220.07,300000.0,-0.0826
174721.0,TRIPURA EAST(ST),Tripura,normal/others,construction of prefabricated shop and solar street lights and beautification.,5807060.0,521220.07,300000.0,-0.0826
161482.0,MOHANLALGANJ(SC),Uttar Pradesh,normal/others,1 way solar light 286 pc according to the list attach,5714566.0,521220.07,300000.0,-0.0826
200884.0,HYDERABAD,Telangana,normal/others,"laying of 900mm dia and 600mm dia np-3 pipe line and cc road restoration from h.no. 17-4-387, ashoorkhana hazrat-e-ameer muqtar to h.no. 17-4-313 a and bylanes in matha kidiki nala, yakutpura assembly constituency",5656600.0,521220.07,300000.0,-0.0798
176639.0,BOLPUR(SC),West Bengal,normal/others,installation 12 no 16 mtr highmast street light at1. hatkalua bazar.2. choto goga masjid more.3.bakul burikali more.4.rakerswar shibtola more.5.bhola bazar bus stand.6.dhondanga monshatola more.7.bamnigram bus stand.8.maheshpur kalitola more.9.kotoghosa more.10.swagram pashimpara baro masjid more.11. kamar math tematha more .12 kurunahar bus stand.executing agency e.o. labpur panchayet samity.,5578935.0,521220.07,300000.0,-0.0787
200883.0,HYDERABAD,Telangana,normal/others,"additional class room block in ground floor and 1st to indira priyadarshini degree college, nampally, hyderabad",5600000.0,521220.07,300000.0,-0.0787
171050.0,JHANSI,Uttar Pradesh,normal/others,tourism development works at mauranipur sukhnai river bank under cm toursim development sahbhagita yojna.,5599000.0,521220.07,300000.0,-0.0787
192872.0,THANJAVUR,Tamil Nadu,normal/others,construction work on a new waiting room building near the critical care unit at thanjavur medical college hospital,5600000.0,521220.07,300000.0,-0.0787
136735.0,HARDOI (SC),Uttar Pradesh,normal/others,26 ??  170-200 ??? 06 ?? ???????? ???? ?? ????????? ?????,5580000.0,521220.07,300000.0,-0.0787
208657.0,MEDINIPUR,West Bengal,normal/others,"construction of hall at police lines, ward no. 3, medinipur,  paschim medinipur",5500000.0,521220.07,300000.0,-0.0782
156772.0,BANGALORE SOUTH,Karnataka,normal/others,"construction of unique science park (inclusive of electrical & civil works) under the science city project that aims to enhance bengaluru’s safety awareness, education, cleanliness, and economic vitality at dhanvanthari park, 2nd phase, jp nagar, bengaluru - 560078",5490893.0,521220.07,300000.0,-0.0782
229124.0,BOLPUR(SC),West Bengal,normal/others,"installation of 11 (eleven) 16 mtr highmast light on high road at 1.near gattor uttar para club.2.swagram indratola more,3.mohula shibtola,4.kalyanpur primari school,5.saraparajpur more,6.shitalgram shibtola more,7.kaichara shibtola more,8.malotipur dharmarajtola,9. srikrishnapur kandar ghat,10. indas daspara,11.lagosha primaryschool no i. executing agency will be e.o. labpur panchayet samity.",5499446.0,521220.07,300000.0,-0.0782
251884.0,VIJAYAWADA,Andhra Pradesh,normal/others,providing 150mm di pipeline from p and t colony elsr pumping line,5488000.0,521220.07,300000.0,-0.0782
240010.0,KRISHNANAGAR,West Bengal,normal/others,construction of gallery at kamari play ground at hatgachha g.p.,5467000.0,521220.07,300000.0,-0.076
197305.0,KANNIYAKUMARI,Tamil Nadu,normal/others,constn.of (differently abled students) addl.class room at chettikulam primary  school,5440000.0,521220.07,300000.0,-0.076
174723.0,TRIPURA EAST(ST),Tripura,normal/others,construction of prefabricated shop and solar street lights and beautification.,5479250.0,521220.07,300000.0,-0.076
239999.0,PHULPUR,Uttar Pradesh,normal/others,sanlagank 6 high mast light (20.00mt.),5475757.0,521220.07,300000.0,-0.076
197304.0,KANNIYAKUMARI,Tamil Nadu,normal/others,constn.of (differently abled students) addl.class room at modern hr.sec school thuckalay,5440000.0,521220.07,300000.0,-0.076
195872.0,VILUPPURAM(SC),Tamil Nadu,normal/others,"construction of additional municipal office building in ward 32, ellis chatram road, vazhuthareddy, viluppuram municipality.",5426798.0,521220.07,300000.0,-0.0754
189872.0,AMETHI,Uttar Pradesh,normal/others,"installation of 241 (two hundred forty one) solar street lights, as per the list attached",5413824.0,521220.07,300000.0,-0.0754
144827.0,TIRUPPUR,Tamil Nadu,normal/others,construction of community hall h/o vallipuram panchayat.,5295000.0,521220.07,300000.0,-0.0749
136720.0,MAVELIKKARA(SC),Kerala,normal/others,"construction of bridge across panayilthode in kakkottuchal nedumkottukonam road in kottavattom north ward-11,vettikkavala grama panchayath (sc)",5400000.0,521220.07,300000.0,-0.0743
194213.0,ERNAKULAM,Kerala,normal/others,"development of panchayath ground, ward 7, nayarambalam gp",5400000.0,521220.07,300000.0,-0.0743
208641.0,MEDINIPUR,West Bengal,normal/others,construction of small bridge near thangamara samsan under narayangarh gp,5333472.0,521220.07,300000.0,-0.0743
208642.0,MEDINIPUR,West Bengal,normal/others,construction of bridge over chorpalia khal at nimpur under chakismaile gp,5343068.0,521220.07,300000.0,-0.0743
277012.0,NORTH EAST DELHI,Delhi,normal/others,provision of 1000 precast rcc benches with back rest,5400000.0,521220.07,300000.0,-0.0743
255542.0,AMETHI,Uttar Pradesh,normal/others,"installation of 250 (two hundred fifty) solar street lights at various public locations in blocks tiloi, bahadurpur, singhpur, amethi, sangrampur, bhadar, bhetua, gauriganj, jamo, shahgarh, musafirkhana, jagdishpur and shukul bazar, district amethi, as per the enclosed list.",5374250.0,521220.07,300000.0,-0.0743
210306.0,TRIPURA WEST,Tripura,normal/others,"construction of yoga indoor hall at nalchar h.s. school premises under nalchar r.d. block along with khatian porcha. sepahijala district, tripura",5372892.0,521220.07,300000.0,-0.0743
209066.0,ASANSOL,West Bengal,normal/others,supply and installation of electric street lights (70 nos.),5390000.0,521220.07,300000.0,-0.0743
242147.0,HOOGHLY,West Bengal,normal/others,installation of cctv night vision camera with control room and other instruments.,5391008.0,521220.07,300000.0,-0.0743
241938.0,ALIPURDUARS(ST),West Bengal,normal/others,construction of paver block road from pwd road to singhania tg under madarihat birpara block in the distict of alipurduar,5365620.0,521220.07,300000.0,-0.0743
232260.0,RAJAHMUNDRY,Andhra Pradesh,normal/others,construction of additional infrastructure at phule ambedkar bhavan in the municipal corporation of rajamahendravaram,5000000.0,521220.07,300000.0,-0.0738
225179.0,TRIPURA WEST,Tripura,normal/others,"construction of community hall at 79 tilla, kunjaban under ward no.5, amc, agartala",4947401.0,521220.07,300000.0,-0.0738
196031.0,SRIPERUMBUDUR,Tamil Nadu,normal/others,construction of branch library.,5000000.0,521220.07,300000.0,-0.0738
244680.0,MUMBAI NORTH WEST,Maharashtra,normal/others,construction of samaj mandir at shravasti buddh vihar goregaon east mumbai,5000000.0,521220.07,300000.0,-0.0738
241572.0,ELURU,Andhra Pradesh,normal/others,laying of bt road at nalladibba in 1st division in eluru municipal corporation eluru,5000000.0,521220.07,300000.0,-0.0738
225137.0,SIKKIM,Sikkim,normal/others,supply and installation of interactive digital board at various schools and colleges in sikkim,5000000.0,521220.07,300000.0,-0.0738
224833.0,KOLKATA UTTAR,West Bengal,normal/others,construction of  new dining hall cum kitchen building of ramkrishna math cossipore udyan bati,5000000.0,521220.07,300000.0,-0.0738
239127.0,AHMEDABAD EAST,Gujarat,normal/others,for purchase of advance higher surgical ophthalmic microscope instrument at m and j western regional institute of ophthalmology,5000000.0,521220.07,300000.0,-0.0738
230528.0,KENDRAPARA,Odisha,normal/others,"construction of two classrooms of tulasi womens college to be fully completed at ward no. 5, kendrapara municipality, kendrapara  754211",5100000.0,521220.07,300000.0,-0.0738
226250.0,NAGARKURNOOL(SC),Telangana,normal/others,construction of community hall,5000000.0,521220.07,300000.0,-0.0738
223847.0,ANANTAPUR,Andhra Pradesh,normal/others,"emergency, icu equipments for tadipatri area hospital",5000000.0,521220.07,300000.0,-0.0738
222829.0,GANDHINAGAR,Gujarat,normal/others,"purchase of blood collection van  for civil hospital, sola, ahmedabad",5000000.0,521220.07,300000.0,-0.0738
229128.0,TURA,Meghalaya,normal/others,construction  and goatery farm along with barbed fencing,5000000.0,521220.07,300000.0,-0.0738
219448.0,KOLKATA UTTAR,West Bengal,normal/others,"constraction of community hall at 1 by 6 by 1, j.k. ghosh road, under kmc ward no. 3",5000000.0,521220.07,300000.0,-0.0738
249889.0,BHOPAL,Madhya Pradesh,normal/others,construction of hall in zila bar association at ward 43 zone 12,5000000.0,521220.07,300000.0,-0.0738
206785.0,Diphu (ST),Assam,normal/others,construction of auditorium hall cum guest house at phonglangso lumding road near arboretum (phase-ii),5000000.0,521220.07,300000.0,-0.0738
254693.0,DUM DUM,West Bengal,normal/others,construction of olympic standard swimming pool at dipot field ward no 17 under bmc,5000000.0,521220.07,300000.0,-0.0738
208461.0,Sonitpur,Assam,normal/others,construction of behali degree college  (1st floor) ph-i,5000000.0,521220.07,300000.0,-0.0738
205552.0,KRISHNANAGAR,West Bengal,normal/others,construction of waiting room for patient party at shaktinagar district hospital.,5199735.0,521220.07,300000.0,-0.0738
255493.0,BHOPAL,Madhya Pradesh,normal/others,construction of community hall in ward 46 zone 9,5000000.0,521220.07,300000.0,-0.0738
204862.0,BADAUN,Uttar Pradesh,normal/others,district badaun mein diffrent place par  7 semi high mast l.e.d light work amount-1187200.00 and 6 highmast light work amount-4056000.00,5243200.0,521220.07,300000.0,-0.0738
255585.0,BHOPAL,Madhya Pradesh,normal/others,construction of cremation in ward 3 sant hirdaram nagar,5000000.0,521220.07,300000.0,-0.0738
209059.0,ASANSOL,West Bengal,normal/others,construction of community hall,5200000.0,521220.07,300000.0,-0.0738
209845.0,NAGARKURNOOL(SC),Telangana,normal/others,construction of mpdo building at kadthal,5000000.0,521220.07,300000.0,-0.0738
256783.0,NAGPUR,Maharashtra,normal/others,development of dnyanyogi dr.shrikant jichkar children traffic park.,5000000.0,521220.07,300000.0,-0.0738
203488.0,AMETHI,Uttar Pradesh,normal/others,"installation of 245 (two hundred forty five ) solar street lights at various locations in block amethi,sangrampur,bhadar and bhetua as per the attached list.",5265130.0,521220.07,300000.0,-0.0738
210693.0,TEHRI GARHWAL,Uttarakhand,normal/others,janpad uttarkashi ke samst rajkiy vidhyalyo me baal sahirty ki pustako ke vitran ke sambandh (suchi sanlagn) karydaayi sanstha mukhy shiksha adhikari uttarkashi honge.,5000000.0,521220.07,300000.0,-0.0738
210890.0,BIRBHUM,West Bengal,normal/others,"improvement of electricty distribution infrastucture, rakta karabi auditorium under rampurhat municipality, executive agency - chairman rampurhat municipality.",5094124.0,521220.07,300000.0,-0.0738
213689.0,CHENNAI NORTH,Tamil Nadu,normal/others,"construction of c. kalyanapuram chennai higher secondary school compound wall and entrance arch work in dn 46, u11, zone 4",4955000.0,521220.07,300000.0,-0.0738
261732.0,BAPATLA,Andhra Pradesh,normal/others,"development of grounds in junior college, repalle municipality",5000000.0,521220.07,300000.0,-0.0738
214835.0,VIRUDHUNAGAR,Tamil Nadu,normal/others,construction of additional class room building in periyar nagar hr. sec. school at sattur municipality.,5000000.0,521220.07,300000.0,-0.0738
201010.0,BANGALORE RURAL,Karnataka,normal/others,"purchase of necessary equipments and computers for the rural college, kanakapura, running under rural eduaction society (r), ward no.2, kanakapura town, ramanagara district, karnataka state.",5000000.0,521220.07,300000.0,-0.0738
200885.0,HYDERABAD,Telangana,normal/others,"construction of multipurpose community hall in 1sr floor at press colony, champapet in yakutpura, assembly constituency",5120000.0,521220.07,300000.0,-0.0738
199393.0,KARUR,Tamil Nadu,normal/others,construction of public library and reading rooms for the skill development and employment center in vedasandhur,5000000.0,521220.07,300000.0,-0.0738
199166.0,THIRUVANANTHAPURAM,Kerala,normal/others,construction of pavilion at the stadium of mar ivanios vidya nagar campus,5000000.0,521220.07,300000.0,-0.0738
218095.0,JAIPUR,Rajasthan,normal/others,"for expansion of new construction in 11 ramchandrapura, jagatpura, to jaipur of bagru assembly constituency.",5000000.0,521220.07,300000.0,-0.0738
251841.0,VILUPPURAM(SC),Tamil Nadu,normal/others,"construction of stadium at opr government higher secondary school campus, ommandur, tindivanam",5000000.0,521220.07,300000.0,-0.0738
198721.0,OUTER MANIPUR(ST),Manipur,normal/others,construction of cultural centre at ringui,5000000.0,521220.07,300000.0,-0.0738
218988.0,MUMBAI NORTH EAST,Maharashtra,normal/others,"area near highland park soc., ggs road, mulund west",5000000.0,521220.07,300000.0,-0.0738
207623.0,BANKURA,West Bengal,normal/others,"installation of six (6) nos of solar photovoltaic submersible pumps set in new bore tube well at different places of santuri block, under purulia district. near murulia, muradi gp jl 15 plot 2439, near baranti under balitora gp jl 33 plot 144, near sadhu saltora under tarabari  gp jl 82 plot 350, near santuri police station under santuri gp jl 90 plot 3065, near keshardaha under garsika gp jl 103 plot 1774, near velair (upar kotaldi), ramchandrapur gp jl 41, plot 455",5096668.0,521220.07,300000.0,-0.0738
221109.0,CHITTOOR,Andhra Pradesh,normal/others,"providing bt road from sambaiah kandriga y-junction to kattamanchi in kattamanchi bypass road, chittoor municipal corporation.",5000000.0,521220.07,300000.0,-0.0738
221148.0,SOUTH GOA,Goa,normal/others,to procure and supply one fully equipped cardiac ambulance for sub district hospital chicalim - mormugao,5000000.0,521220.07,300000.0,-0.0738
197998.0,RAJAHMUNDRY,Andhra Pradesh,normal/others,construction of a multipurpose activity centre in the bc area at rangampeta village,5000000.0,521220.07,300000.0,-0.0738
197997.0,RAJAHMUNDRY,Andhra Pradesh,normal/others,construction of multipurpose activity center in bc are (patempeta) in chagallu village of chagallu mandal,5000000.0,521220.07,300000.0,-0.0738
197996.0,RAJAHMUNDRY,Andhra Pradesh,normal/others,construction of multipurpose activity centre at kumaradevam village,5000000.0,521220.07,300000.0,-0.0738
258729.0,CHANDAULI,Uttar Pradesh,normal/others,construction of interlocking in various villages as per the letter attached,5077000.0,521220.07,300000.0,-0.0738
194589.0,BASTI,Uttar Pradesh,normal/others,"construction of cc road from gram panchayat khuthana to majora culvert, distance of approximately 500 meters, development block- gaur.",4927680.0,521220.07,300000.0,-0.0738
264726.0,BHOPAL,Madhya Pradesh,normal/others,building,5000000.0,521220.07,300000.0,-0.0738
263473.0,GULBARGA(SC),Karnataka,normal/others,construction of 3 class rooms and other works to govt.hps school at sanjeev nagar in kalaburagi city (scp),5100000.0,521220.07,300000.0,-0.0738
270244.0,ALIPURDUARS(ST),West Bengal,normal/others,contruction of cc road near the house of goutam barman via pangkeshwar barman to toword badal barman  in volka-barobisha no. 1g.p. at kumargam p.s. with in alipurduar district,5123999.0,521220.07,300000.0,-0.0738
281457.0,SASARAM(SC),Bihar,normal/others,purchase of four door iron bookshelves total 125 units,5000000.0,521220.07,300000.0,-0.0738
182042.0,CHAMARAJANAGAR(SC),Karnataka,normal/others,construction of cc roads and cc drainage at kuruba street kannayakanahalli tirumakudal - narsipur,5000000.0,521220.07,300000.0,-0.0738
155040.0,VAISHALI,Bihar,normal/others,purchase of furniture and fixtures for educational purposes,4961000.0,521220.07,300000.0,-0.0738
279579.0,KAKINADA,Andhra Pradesh,normal/others,construction of old age home,5000000.0,521220.07,300000.0,-0.0738
267071.0,BARDHAMAN-DURGAPUR,West Bengal,normal/others,installation 7 mtr octagonal pole eith 100 w led luminous fittings at bc road for botehat ramkrishna school to police station,5184158.0,521220.07,300000.0,-0.0738
157358.0,MUZAFFARPUR,Bihar,normal/others,purchase of book shelves for library of govt. schools,4980000.0,521220.07,300000.0,-0.0738
157800.0,MUZAFFARPUR,Bihar,normal/others,purchase of books for kurhni block's government schools library.,5000000.0,521220.07,300000.0,-0.0738
181699.0,NAGPUR,Maharashtra,normal/others,"construction of community hall at saroj nagar society, hajari pahad, nagpur.",4996000.0,521220.07,300000.0,-0.0738
158349.0,BANGALORE NORTH,Karnataka,normal/others,"foundation work for an additional building for the government higher primary school at kadu malleshwara ward no. 65, maruthi extension, ramamohanapura",5000000.0,521220.07,300000.0,-0.0738
181123.0,BOLPUR(SC),West Bengal,normal/others,"construction of pcc road from charkolgram high school to poultry farm under charkolgram gp,executing agency will be e.o. nanoor panchayet samity.",5000000.0,521220.07,300000.0,-0.0738
180861.0,KOLAR(SC),Karnataka,normal/others,construction of dr.b.r.ambedkar samudaya bavana at sidlaghatta ward no.16.,5000000.0,521220.07,300000.0,-0.0738
159001.0,VILUPPURAM(SC),Tamil Nadu,normal/others,"construction of student study centre through additional building near the existing library in master plan complex, collectorate viluppuram",4986704.0,521220.07,300000.0,-0.0738
161044.0,VADODARA,Gujarat,normal/others,"atladra vahivati ward no. 11 baps chhatralay ane niramay aayurvidik center pase na , parngan ma pevar block n kamgiri",4946073.0,521220.07,300000.0,-0.0738
166546.0,GUNTUR,Andhra Pradesh,normal/others,"providing amenities to community hall in narakoduru village of chebrolu mandal, guntur district",5000000.0,521220.07,300000.0,-0.0738
180157.0,AHMEDABAD WEST(SC),Gujarat,normal/others,"navrangpura, paldi, vasana ward ma water harvesting nu work",4999918.0,521220.07,300000.0,-0.0738
166886.0,CHENNAI CENTRAL,Tamil Nadu,normal/others,construction of badminton court,5000000.0,521220.07,300000.0,-0.0738
173052.0,PANCHMAHAL,Gujarat,normal/others,construction and civil work of indian red cross society new building work part 3,5000000.0,521220.07,300000.0,-0.0738
176412.0,TIRUVANNAMALAI,Tamil Nadu,normal/others,construction of community center first floor at palayanur panchayat,5000000.0,521220.07,300000.0,-0.0738
171034.0,CHIDAMBARAM(SC),Tamil Nadu,normal/others,construction of community hall at keezha colony street melapazhur panchayat in thirumanur block.,5000000.0,521220.07,300000.0,-0.0738
177739.0,INNER MANIPUR,Manipur,normal/others,purchase of  ambulances,4991644.0,521220.07,300000.0,-0.0738
170954.0,CHIDAMBARAM(SC),Tamil Nadu,normal/others,construction of community hall  at ward no 2 srivakkaramari village in srimushnam tp,5000000.0,521220.07,300000.0,-0.0738
274319.0,SURAT,Gujarat,normal/others,to allocate 1 smart panel to each of the schools mentioned in the list at a cost of rs. 260000 per unit.,5200000.0,521220.07,300000.0,-0.0738
152821.0,SRIPERUMBUDUR,Tamil Nadu,normal/others,construction of 1st floor for the community hall.,4997916.0,521220.07,300000.0,-0.0738
169445.0,GAYA (SC),Bihar,normal/others,"construction of 6 rooms plus one lady superintendents room  plus three washrooms and three toilets in gaya college, gaya.",4999800.0,521220.07,300000.0,-0.0738
169208.0,HINGOLI,Maharashtra,normal/others,cc road and drainage at ashti tq. hadgaon dist nanded.,4978547.0,521220.07,300000.0,-0.0738
169206.0,HINGOLI,Maharashtra,normal/others,"cc road and drainage work from nagendra puri maharaj temple to malegaon road at zara, tq. kalamnuri dist hingoli",4994258.0,521220.07,300000.0,-0.0738
178911.0,RAJAHMUNDRY,Andhra Pradesh,normal/others,construction of a multipurpose activity centre in the sc locality near ambedkar statue in dharnikota of anaparthi vilalge,5000000.0,521220.07,300000.0,-0.0738
169147.0,ERNAKULAM,Kerala,normal/others,"construction of building for krishi bhavan at ward 5, udayamperoor gp",5209800.0,521220.07,300000.0,-0.0738
179976.0,SRIPERUMBUDUR,Tamil Nadu,normal/others,construction of a community hall.,5000000.0,521220.07,300000.0,-0.0738
167569.0,COOCHBEHAR(SC),West Bengal,normal/others,"construction   and   necessary    other allied works    for  refugee relief and rehabilitation building, cooch behar",5000000.0,521220.07,300000.0,-0.0738
169210.0,HINGOLI,Maharashtra,normal/others,cc road and drainage at ashti tq. hadgaon dist nanded.,4974167.0,521220.07,300000.0,-0.0738
152820.0,SRIPERUMBUDUR,Tamil Nadu,normal/others,construction of 1st floor for the community hall.,4999826.0,521220.07,300000.0,-0.0738
182275.0,AHMEDABAD EAST,Gujarat,normal/others,"for purchase of pentacam equipment in ophthalmology department of gmers medical college and hospital sola, ahmedabad",5000000.0,521220.07,300000.0,-0.0738
145198.0,VAISHALI,Bihar,normal/others,purchase books of library,5000000.0,521220.07,300000.0,-0.0738
139546.0,BOLPUR(SC),West Bengal,normal/others,"construction of cc road from faring house to charkalgram high school at khala.executing agency will be ,eo nanoor panchayat samiti.",5023131.0,521220.07,300000.0,-0.0738
266013.0,HOWRAH,West Bengal,normal/others,making cement concrete road from south sankrail panchayet office to purbo para main road with guard wall 1.25 km. by 4.25mtr. of south sankrail g.p under a.c 174 in mplad,5000000.0,521220.07,300000.0,-0.0738
263514.0,GULBARGA(SC),Karnataka,normal/others,construction of 3 class rooms and other works to govt.hps school at sagnur village in afzalpur taluka,5200000.0,521220.07,300000.0,-0.0738
139500.0,Diphu (ST),Assam,normal/others,"construction of community building with library, guest room, conference room at haflong, dima hasao district (total estd. cost:- rs. 1.00 cr.) 1st installment rs. 50.00 lakhs",5000000.0,521220.07,300000.0,-0.0738
137519.0,Diphu (ST),Assam,normal/others,installation of solar light under singhason mac constituency,5000000.0,521220.07,300000.0,-0.0738
293792.0,INNER MANIPUR,Manipur,normal/others,purchase of sports and gym equipments,5000000.0,521220.07,300000.0,-0.0738
144813.0,VAISHALI,Bihar,normal/others,sahebgang aur motipur prakhand ke bivvin schoos ke pustakalay mein book supply,5000000.0,521220.07,300000.0,-0.0738
188247.0,SOUTH GOA,Goa,normal/others,to procure and supply one fully equipped cardiac ambulance for hospicio south goa district hospital.,5000000.0,521220.07,300000.0,-0.0738
151535.0,KOLKATA UTTAR,West Bengal,normal/others,"construction of community hall at 55, chaulpatty road, in ward no. 33, br- iii",5000000.0,521220.07,300000.0,-0.0738
136068.0,JHARGRAM(ST),West Bengal,normal/others,construction of 45 beded new hostel building of belpahari s.c. high school (h.s.).,4947386.0,521220.07,300000.0,-0.0738
144816.0,VAISHALI,Bihar,normal/others,"kanti, motipur, saraiya ewam paroo prakhand ke bibhinna vidyalayo ke pushtakalayo mein pustak aapurti",5000000.0,521220.07,300000.0,-0.0738
144904.0,VAISHALI,Bihar,normal/others,puchase book of diffrent school library,5000000.0,521220.07,300000.0,-0.0738
145098.0,VAISHALI,Bihar,normal/others,purchase book for library,5000000.0,521220.07,300000.0,-0.0738
143387.0,THANJAVUR,Tamil Nadu,normal/others,"construction of new library building in thanjavur municipal corporation central library complex,thanjavur",4980095.0,521220.07,300000.0,-0.0738
142023.0,BOLPUR(SC),West Bengal,normal/others,installation of led street light (60watt)from labpur sastinagar bus stop to laghata rail sub-way via labpur new bus stand (lenth 2.75km) executing agency will be eo labpur panchayat samity.,5215848.0,521220.07,300000.0,-0.0738
291742.0,NAGPUR,Maharashtra,normal/others,"construction of community hall at santaji nagar, dandekar layout infront of ganesh mandir nagpur.",5000000.0,521220.07,300000.0,-0.0738
263477.0,GULBARGA(SC),Karnataka,normal/others,construction of 3 class rooms and other works to govt.hps school at mok tanda in kalaburagi taluka (scp),5100000.0,521220.07,300000.0,-0.0738
290039.0,THANJAVUR,Tamil Nadu,normal/others,construction of a library building with two toilet facilities near lainkarai in ward 4 of thirukattupalli town panchayat (through the rural development department).,5000000.0,521220.07,300000.0,-0.0738
146590.0,DINDIGUL,Tamil Nadu,normal/others,"providing cctv camera system for security in palani municipality (cctv camera maintanance control: deputy superintentdent of police, palani)",4999254.0,521220.07,300000.0,-0.0738
187219.0,BELLARY(ST),Karnataka,normal/others,purchasing a new 44 numbers  three tyred bikes (125 cc) to special abled persons in vijayangara,5200000.0,521220.07,300000.0,-0.0738
286822.0,JAIPUR,Rajasthan,normal/others,regarding civil repair and conservation work for the preservation of galta tirth.,5000000.0,521220.07,300000.0,-0.0738
285342.0,GARHWAL,Uttarakhand,normal/others,"for the establishment of a hemodialysis unit at district hospital gopeshwar, chamoli",5000000.0,521220.07,300000.0,-0.0738
151025.0,SIKKIM,Sikkim,normal/others,"supply and installation of interactive digital board through nda,gangtok",5000000.0,521220.07,300000.0,-0.0738
151460.0,AJMER,Rajasthan,normal/others,"construction of community halls at ward no. 55, ajmer south assembly constituency.",5100000.0,521220.07,300000.0,-0.0738
184184.0,MUZAFFARPUR,Bihar,normal/others,purchase of book shelves for library of govt schools.,4980000.0,521220.07,300000.0,-0.0738
184093.0,PEDDAPALLE,Telangana,normal/others,extention of work(2nd floor) for existing community hall for cultural activities at chunnambatti wada in mancherial town,5000000.0,521220.07,300000.0,-0.0738
183604.0,ALATHUR(SC),Kerala,normal/others,"construction of lift in op transformation block at district hospital ,wadakkanchery",5170000.0,521220.07,300000.0,-0.0738
145371.0,VAISHALI,Bihar,normal/others,purchase books for library,5000000.0,521220.07,300000.0,-0.0738
136141.0,FIROZABAD,Uttar Pradesh,normal/others,construction of road from mata temple to house of mr motilal around 300 meters by 4 meter and drainage system of 600 meters,4762760.0,521220.07,300000.0,-0.0727
274309.0,SURAT,Gujarat,normal/others,to allocate an advanced life support ambulance to new civil hospital surat.,4850000.0,521220.07,300000.0,-0.0727
250806.0,BOLPUR(SC),West Bengal,normal/others,construction 4(four)no of rooms at charkolgram high school.executing agency will be e.o. nanoor panchayet samity.,4704000.0,521220.07,300000.0,-0.0727
274634.0,PHULPUR,Uttar Pradesh,normal/others,05 nag  20.00 mit. highmast light,4755000.0,521220.07,300000.0,-0.0727
143487.0,BANGALORE CENTRAL,Karnataka,normal/others,"installation of 15 nos. dell optiplex 7400 a10 12th gen core i7-12700t/16gb/512gb ssd + 1tb/win 10 pro/fhd 24''/3 years on-site warranty, 02 nos. dell optiplex 3280 a10 10th gen intel core i5-10500t/8gb/1tb/22'' fhd/win 10 pro/3 years on-site warranty, 03 nos. dell optiplex 5400 a10 12th gen intel core i5-12500t/8gb/256gb ssd + 1tb/win 11 pro/24''/3 years on-site warranty, 02 nos. canon jumbo xerox machines, and 02 nos. canon laser jet printers 2900b",4739506.0,521220.07,300000.0,-0.0727
227989.0,NALANDA,Bihar,normal/others,nalanda zila ke differents school ke library me books purchase karne ke liye 4800000 (fourty eight lacs) ki swikriti and sampusti.,4799355.0,521220.07,300000.0,-0.0727
227554.0,TIRUPATI(SC),Andhra Pradesh,normal/others,construction of compound wall and additional amenities to the community hall at mannasamudram village in yerpedu mandal of tirupati district.,4700000.0,521220.07,300000.0,-0.0727
209772.0,AHMEDNAGAR,Maharashtra,normal/others,construction of a community centers and community halls at hanga in gp property no 1045 tal parner,4776925.0,521220.07,300000.0,-0.0727
211189.0,NORTH EAST DELHI,Delhi,normal/others,supply installation testing and commissioning of cctv surveillance system cum traffic monitoring anpr camera system,4779933.0,521220.07,300000.0,-0.0727
157891.0,TIRUCHIRAPPALLI,Tamil Nadu,normal/others,construction of community hall in periyar nagar (vengur vp) in tiruverumbur panchayat union,4800000.0,521220.07,300000.0,-0.0727
152969.0,KRISHNANAGAR,West Bengal,normal/others,construction of culvert connect of gobindapur sansad to tarakganj sansad at the river of voirab  at dighalkandi gp under karimpur-ii block.(phase-i),4924873.0,521220.07,300000.0,-0.0727
143390.0,THANJAVUR,Tamil Nadu,normal/others,"construction of two classroom building for okanadu melayur high school,orathanadu,thanjavaur",4818297.0,521220.07,300000.0,-0.0727
174766.0,TRIPURA WEST,Tripura,normal/others,construction of open market shed at jampuijala market takarjala sub zone under west zone within adc area.,4860920.0,521220.07,300000.0,-0.0727
134123.0,KOLLAM,Kerala,normal/others,construction of building for kadamancode tribal lp school in kulathupuzha grama panchayat in  punalur constituency (st),4740188.0,521220.07,300000.0,-0.0727
263536.0,GULBARGA(SC),Karnataka,normal/others,construction of 3 class rooms and other works to govt.hps school at mashal village in afzalpur taluka,4800000.0,521220.07,300000.0,-0.0727
175040.0,KARNAL,Haryana,normal/others,installation of tower lights,4870972.0,521220.07,300000.0,-0.0727
180726.0,HOWRAH,West Bengal,normal/others,providing cctv in different places in howrah police commissionerate jurisdiction under mplad scheme for the safety and security of the residents of howrah lok sabha.,4836830.0,521220.07,300000.0,-0.0727
189523.0,ASANSOL,West Bengal,normal/others,supply and installation of  10 nos 12 mtr. electric high mast light at different places within jamuria-i and jamuria-ii p.s. under paschim bardhaman district (each light cost rs. 4.82 lac),4820000.0,521220.07,300000.0,-0.0727
261328.0,SRIPERUMBUDUR,Tamil Nadu,normal/others,providing passenger steel bus stand.,4833356.0,521220.07,300000.0,-0.0727
204508.0,PERAMBALUR,Tamil Nadu,normal/others,construction of two classroom building at thiruppanjeeli govt. hsc school in mannachanallur block,4881560.0,521220.07,300000.0,-0.0727
262899.0,MUMBAI NORTH WEST,Maharashtra,normal/others,constructing library and providing equipments for mpsc and upsc students at goregaon east mumbai,4700000.0,521220.07,300000.0,-0.0727
197844.0,TRIPURA WEST,Tripura,normal/others,"construction of market shed at murabari bazar of balurbandh vc, hezamara rd block, west tripura district.",4815460.0,521220.07,300000.0,-0.0727
195301.0,ALIPURDUARS(ST),West Bengal,normal/others,construction of paver block road and both side pcc drain near the house of sagar chhetri to ram bahadur thapa house birpara i gp within madarihat birpara block district alipurduar,4813790.0,521220.07,300000.0,-0.0727
180435.0,NALANDA,Bihar,normal/others,nalanda district ke different schools ke library ke liye books purchase karne ki swikriti and anusansa ki jati hai.,4799355.0,521220.07,300000.0,-0.0727
163349.0,INNER MANIPUR,Manipur,normal/others,"a rcc market shed at leimapokpam bazar, leimapokpam mayai leikai.",4900000.0,521220.07,300000.0,-0.0721
242290.0,ELURU,Andhra Pradesh,normal/others,construction of additional accommodation to existing multipurpose hall near yadava krishna temple in dwaraka tirumala village of dwaraka tirumala mandal,4900000.0,521220.07,300000.0,-0.0721
162867.0,INNER MANIPUR,Manipur,normal/others,"1st phase of athoupung leikol, a public park at arapti maning leikai (paona mongpham), lilong.",4900000.0,521220.07,300000.0,-0.0721
249576.0,BOLPUR(SC),West Bengal,normal/others,instalation 10 (ten)no of highmast street light at a)dhangora bus stand.b)mirbandha masjid more.c)sawgram imamtola d)makura more e)lohada bus stand more f) begsina bus stand.g)bhalas bus stand h)bhagha melatola i) karapara more j) amnahar bus stand.executing agency will be e.o. labpur panchayet samity,4899510.0,521220.07,300000.0,-0.0721
162866.0,INNER MANIPUR,Manipur,normal/others,"1st phase of community media centre at soibam leikai, public mongpham, porompat.",4900000.0,521220.07,300000.0,-0.0721
139555.0,KRISHNANAGAR,West Bengal,normal/others,"construction of  box culvert near sonadahapara to howlia under natna gp, block tehatta-1, nadia.",4903989.0,521220.07,300000.0,-0.0721
266946.0,GULBARGA(SC),Karnataka,normal/others,construction of 3 class rooms and other works to government hps school at melkunda village in kalaburagi taluka,4900000.0,521220.07,300000.0,-0.0721
259001.0,BHADOHI,Uttar Pradesh,normal/others,49 units of solar high mast lights,4907203.0,521220.07,300000.0,-0.0721
152782.0,SREERAMPUR,West Bengal,normal/others,"construction of  pcc  road from napit para rail line dhar to icccream factory at bankra – iii gp, under domjur panchayat  samiti, howrah",4688851.0,521220.07,300000.0,-0.0716
140289.0,NAGALAND,Nagaland,normal/others,construction of sanitation facilities,4500000.0,521220.07,300000.0,-0.071
140309.0,NAGALAND,Nagaland,normal/others,soiling metalling of approach road,4500000.0,521220.07,300000.0,-0.071
143526.0,MUMBAI NORTH,Maharashtra,normal/others,"ward 5  - reconstruction of kindergarten at balkawade compound, hanuman tekdi road, kazupada, borivali east",4500000.0,521220.07,300000.0,-0.071
211195.0,KANNAUJ,Uttar Pradesh,normal/others,construction of concrete drain from the house of shri pramod yadav to the shop of shri subhash in gram nagla sahora distance about 650 meters by shri ajit singh pradhan gram panchayat arifpur vivakh saurikh district kannauj ajit 838416003,4630000.0,521220.07,300000.0,-0.071
250209.0,MACHHLISHAHR(SC),Uttar Pradesh,normal/others,mere sansadiy kshetra ke vidhansabha madiyahu me 223 nag solar light ka adhishthpan hona hai 20015 rs ki dar se 223 nag solar ki keemat 4463345 rs hain,4463345.0,521220.07,300000.0,-0.071
218168.0,PHULPUR,Uttar Pradesh,normal/others,16 water cooler,4416000.0,521220.07,300000.0,-0.071
218172.0,PHULPUR,Uttar Pradesh,normal/others,1- manethu gaushala me samrsebale . 2- manethu gaushala me teenshed and boundri. 3- bhagipur pakka talab ki taraf sawjanik sthal par bondriwall 4-  bahariya me interloking sarak,4433000.0,521220.07,300000.0,-0.071
163356.0,BANKURA,West Bengal,normal/others,supply of one life support ambulance for bankura police line under district bankura,4450000.0,521220.07,300000.0,-0.071
190573.0,KOLKATA UTTAR,West Bengal,normal/others,"supply,installation,testing and commissioning of 2 nos passenger lift g plus 4 5 passenger (with machine room), electrical work including rcc lift shaft (civil work) at bangabasi college,19, rajkumar chakraborty sarani, kolkata 700009",4455680.0,521220.07,300000.0,-0.071
197684.0,CHURU,Rajasthan,normal/others,"construction work of sishu grah in rajkiya sampreshan evm kishor grah, near govt ambedkar hostel, agrasen nagar, ward no 21, churu",4500000.0,521220.07,300000.0,-0.071
160365.0,BISHNUPUR(SC),West Bengal,normal/others,boundary fencing with supply & installation of 2nos.of flood light stand & including flood lights & allied electrical woks wih 40 kva dg    email: beliatorehighschool@gmail.com,4592941.0,521220.07,300000.0,-0.071
218581.0,ALIPURDUARS(ST),West Bengal,normal/others,installation of stand alone solar pv high mast as per wbreda configaration-i different location in binnaguri gp area under banarhat block,4610640.0,521220.07,300000.0,-0.071
164140.0,TRIPURA WEST,Tripura,normal/others,"construction of rcc road beside pragati school, ward no.18, amc, west tripura",4602150.0,521220.07,300000.0,-0.071
247752.0,KOPPAL,Karnataka,normal/others,construction of hi-tech multi gym in hitnal village under koppal parlimentary constituency.,4500000.0,521220.07,300000.0,-0.071
176180.0,BOLPUR(SC),West Bengal,normal/others,installation 10(ten) no 16 mtr highmast street light at 1. buniadanga more 2. abadanga bus stand.3. kurumba sibtola more.4. mandira-majpara more.5.kapsundi masjid more.6.dangal high school more.7.balarampur tematha more.8.langalhata bus stand.9.laghosa masjid more. 10. bisoypur bus stand.executing agency will be e.o. labpur panchayet samity,4649010.0,521220.07,300000.0,-0.071
205968.0,INNER MANIPUR,Manipur,normal/others,"2nd phase of construction of community hall at lamjing meira ching, awaching, imphal east.",4470000.0,521220.07,300000.0,-0.071
171038.0,CHIDAMBARAM(SC),Tamil Nadu,normal/others,construction of two class room building at government higher secondary school thirumanur panchayat in thirumanur block.,4500000.0,521220.07,300000.0,-0.071
283795.0,NAGALAND,Nagaland,normal/others,construction of 8 nos. of fishery pond under mokokchung district.,4500000.0,521220.07,300000.0,-0.071
178537.0,PERAMBALUR,Tamil Nadu,normal/others,construction of two classroom building at lalapettai govt. higher secondary school in kallapalli pt. krishnarayapuram union,4473544.0,521220.07,300000.0,-0.071
240942.0,NELLORE(SC),Andhra Pradesh,normal/others,construction of cc roads including drain from old sivalayam to poleramma temple of kavali town,4500000.0,521220.07,300000.0,-0.071
239295.0,CHHOTA UDAIPUR(ST),Gujarat,normal/others,white glaze tiles tikdi wala bankada,4665600.0,521220.07,300000.0,-0.071
222988.0,CUDDALORE,Tamil Nadu,normal/others,construction of community hall in devanampattinam - 16th ward - cuddalore municipality,4500000.0,521220.07,300000.0,-0.071
195307.0,ALIPURDUARS(ST),West Bengal,normal/others,construction of paver block road and both side pcc drain near the house of mosam bhutia to rabin chhetri house birpara i gp within madarihat birpara block district alipurduar,4512928.0,521220.07,300000.0,-0.071
223046.0,CUDDALORE,Tamil Nadu,normal/others,construction of community hall - in villnagapattu village panchayat - pethankuppam village,4500000.0,521220.07,300000.0,-0.071
241941.0,ALIPURDUARS(ST),West Bengal,normal/others,construction of paver block road from ram kumar chhetri to ashok chettri and hariprasad sharma to rajen sharma under birpara gp i madarihat birpara block in the district of alipurduar,4645179.0,521220.07,300000.0,-0.071
193004.0,SULTANPUR,Uttar Pradesh,normal/others,"high mast street light 95 mtr, 10 way led at different places as per list ( 19 lights) agency upsic prayagraj , uttar pradesh",4520176.0,521220.07,300000.0,-0.071
165824.0,HOSHIARPUR(SC),Punjab,normal/others,construction of new link road from village kukanet upto himachal boundary via ghungrian wala mandir,4583512.0,521220.07,300000.0,-0.071
180263.0,TUMKUR,Karnataka,normal/others,"construction of school buildings ongoing work of shri basaveswara d.el.ed vidyalaya tumakuru a government aided institute, as per the provision under rule  5.1.2 of the mp lad guidelines, provides for utilization of funds under permissible works related to government aided institutions.",4500000.0,521220.07,300000.0,-0.071
149787.0,BARDHAMAN-DURGAPUR,West Bengal,normal/others,approach road beautification project by decorative lighting arrangement from gt road raj college more to burdwan raj college,4422048.0,521220.07,300000.0,-0.071
222316.0,JHARGRAM(ST),West Bengal,normal/others,construction of boundary wall of lalgarh ramkrishna vidyalaya (h.s.).,4398620.0,521220.07,300000.0,-0.0705
197246.0,FIROZABAD,Uttar Pradesh,normal/others,allahadpur link road to mini stadium new interlocking  road 500 meter by 4 meter contact person dr dlip 9412722318,4399000.0,521220.07,300000.0,-0.0705
278912.0,ALLAHABAD,Uttar Pradesh,normal/others,roads contractions in allahabad loksabha city south,4392000.0,521220.07,300000.0,-0.0705
268504.0,SHEOHAR,Bihar,normal/others,the attached enclosure contains the approval expenditure details for the purchase and supply of book shelves worth 4999000 for 16 schools under belsand block within the sitamarhi district assembly constituency under sheohar lok sabha constituency,4368000.0,521220.07,300000.0,-0.0705
185945.0,GUNTUR,Andhra Pradesh,normal/others,construction of skbm municipal corporation high school building (1st and 2nd floor) at at agraharm in division no 24,4373291.0,521220.07,300000.0,-0.0705
181835.0,BOLPUR(SC),West Bengal,normal/others,"construction of cc road at 1. paschimpara idgaha to sk sajal house via raficul islam house.2. abdul hakim house to sardar ali shop and ajmal haque house at metekona vill under illambazar block ,executing agency will be e.o. ssda,bolpur, bibhum w.b.",4358180.0,521220.07,300000.0,-0.0705
177050.0,GORAKHPUR,Uttar Pradesh,normal/others,04 pink toilet in ddu gorakhpur university gorakhpur,4355000.0,521220.07,300000.0,-0.0699
163620.0,SRIPERUMBUDUR,Tamil Nadu,normal/others,construction of a community hall.,4383000.0,521220.07,300000.0,-0.0699
138131.0,BIRBHUM,West Bengal,normal/others,constitution of double coust badminton,4381277.0,521220.07,300000.0,-0.0699
162520.0,PERAMBALUR,Tamil Nadu,normal/others,construction of 2 classroom building @ nehru higher secondary school in eraiyur pt.,4350000.0,521220.07,300000.0,-0.0699
156920.0,ALATHUR(SC),Kerala,repair and renovation,renovation and  repair of  cheerakuzhi  irrigation project  canal,5000000.0,597548.51,464802.0,-0.0698
175556.0,ANDAMAN AND NICOBAR ISLANDS,Andaman And Nicobar Islands,repair and renovation,"repair and renovation of road from cpwd complex, ranchi tikrey dairyfarm to fisheries quarter, port blair",4947034.0,597548.51,464802.0,-0.0693
136145.0,FIROZABAD,Uttar Pradesh,normal/others,developement of inerlocking road from dabur road to village side 500 meters by 3.5 meters,4296367.0,521220.07,300000.0,-0.0688
168645.0,BOLPUR(SC),West Bengal,normal/others,"installation of cctv cameras and other allied materials at bolpur town area ,area under the  jurisdiction of bolpur police station.executing agency will be e.o. s.s.d.a .bolpur, birbhum .w.b.",4290487.0,521220.07,300000.0,-0.0688
194588.0,BASTI,Uttar Pradesh,normal/others,"construction of cc road from purva gangapur temple to culvert of gram panchayat parsa jagir, distance of approximately 500 meters, development block- basti sadar.",4263340.0,521220.07,300000.0,-0.0677
142043.0,BASIRHAT,West Bengal,normal/others,installation of street solar light and 7nos. of eletric based water tank under falti beliaghata g.p & barasat ii panchayat samity. (sl no.-8 to 15),4270000.0,521220.07,300000.0,-0.0677
266492.0,SOUTH DELHI,Delhi,normal/others,"providing of 250 no. of victorian type garden bencehs at varios parks of ward no. 174 sri niwaspuri, cnz",4277102.0,521220.07,300000.0,-0.0677
202355.0,THANJAVUR,Tamil Nadu,normal/others,construction of a multi-purpose waiting room in mela ulur panchayat,4221324.0,521220.07,300000.0,-0.0666
207625.0,BANKURA,West Bengal,normal/others,"installation of five (5) nos of solar photovoltaic submersible pumps set in new bore tube well at different places of neturia block, under purulia district.  near basu dhawra under  sarbari gram panchayat, jl 81, plot 2326, near goyaldihi under digha gram panchayat, jl 112, plot 61, near saitting dhaowra under saltor gram panchayat, jl 87, plot 502, near heddi under digha gram panchayat,  jl 69, plot 221, near namo digha, digha gram panchayat, jl 68, plot 274_275",4247224.0,521220.07,300000.0,-0.0666
181857.0,BOLPUR(SC),West Bengal,normal/others,"installation of highmast street light 1.tantbandhi busstand more,2. khaerbuni dharmaraj tola more,3.bhalas durgatola more, 4. layekpur shibtola more,5.haranandapur more,6. chowhatta masjid more,7. paschimpara masjid more, 8. patharghata more,.9.moeashpur bus stand,executing agency will be e.o. labpur panchayet samity.",4175711.0,521220.07,300000.0,-0.0661
166825.0,MOHANLALGANJ(SC),Uttar Pradesh,normal/others,1 way solar lights 210 qty  according to the list attached,4196010.0,521220.07,300000.0,-0.0661
200047.0,HOOGHLY,West Bengal,normal/others,renovation or upgradation (civil work) of mini indoor stadium at bibirhat charaktala under word no  1 under chandannagar municipal corporation hooghly (phase i),4200000.0,521220.07,300000.0,-0.0661
210889.0,BIRBHUM,West Bengal,normal/others,"purches of fire tenders for goverment run institutions, rakta karabi auditorium under rampurhat municipality, executive agency - chairman rampurhat municipality.",4191090.0,521220.07,300000.0,-0.0661
169434.0,CHENNAI SOUTH,Tamil Nadu,normal/others,"construction of toilet in chennai primary school, govindasamy nagar, virugambakkam",4170000.0,521220.07,300000.0,-0.0661
212611.0,SOUTH DELHI,Delhi,repair and renovation,"improvement and development of road by providing dense carpeting from rajendra house to hansraj house to khemu bidhuri house via shiv mandir chowk to mb road red light, tughlakabad village in ward no. 178, cnz",4750786.0,597548.51,464802.0,-0.0655
187617.0,BARRACKPUR,West Bengal,normal/others,"sitc of cctv cameras for bhatpara police station areas under bhatpara municipality, (scope of work under ward no 1 -17)",4150000.0,521220.07,300000.0,-0.0644
208640.0,MEDINIPUR,West Bengal,normal/others,construction of bridge over kalijwan khal in between kumarda and digda under nilda gp,4147646.0,521220.07,300000.0,-0.0644
143945.0,BOLPUR(SC),West Bengal,normal/others,"construction of boundary wall at sukhbazar eco park under ,illambazar block ,executing agency will be eo s.s.d.a. bolpur, birbhum.",4124451.0,521220.07,300000.0,-0.0644
187616.0,BARRACKPUR,West Bengal,normal/others,"sitc of cctv cameras for jagaddal police station areas under bhatpara municipality, (scope of work under ward no 18 -35)",4150000.0,521220.07,300000.0,-0.0644
248760.0,JAHANABAD,Bihar,normal/others,"work details attached as per letter to purchase and supply three book shelves each (as per specifications attached) under the furniture head for the mentioned various schools within the jehanabad district in kako, makhdumpur, ratni faridpur, jehanabad and modanganj  block",4108500.0,521220.07,300000.0,-0.0634
218578.0,ALIPURDUARS(ST),West Bengal,normal/others,installation of stand alone solar pv street light as per wbreda configaration-i different location in tea garden area under jalpaiduri distict,4113486.0,521220.07,300000.0,-0.0634
151435.0,BARDHAMAN PURBA(SC),West Bengal,normal/others,construction of steel foot bridge (low weight 4 wheeler vehicles can pass)over joypur canal at natu gp,4042000.0,521220.07,300000.0,-0.0617
198384.0,KANPUR,Uttar Pradesh,normal/others,kanpur nagar ke vibhinna sarvjanik sthano par 100 nag steel benches ka adhisthapan karya,4021222.0,521220.07,300000.0,-0.0574
140292.0,HARDOI (SC),Uttar Pradesh,normal/others,30 ?? 6?? 170 ?? 200 ??? ???? ????????? ?????,4022832.0,521220.07,300000.0,-0.0574
145108.0,BANKURA,West Bengal,normal/others,"installation of 14 nos. of solar high mast lights at different places of khalagram, harmasra, taldangra and panchmura gram panchayat area under taldangra block, district - bankura",4020731.0,521220.07,300000.0,-0.0574
190860.0,KANCHEEPURAM(SC),Tamil Nadu,normal/others,construction of community center at mugaiyur panchayat.,4000000.0,521220.07,300000.0,-0.0569
240943.0,NELLORE(SC),Andhra Pradesh,normal/others,construction of single lane bridge across supply channel of chagollu tank near krishnapuram village in ulavapadu mandal,4000000.0,521220.07,300000.0,-0.0569
197901.0,MUMBAI SOUTH CENTRAL,Maharashtra,normal/others,"near gulmohar society ranade road, dadar (w)",4000000.0,521220.07,300000.0,-0.0569
262976.0,VADODARA,Gujarat,normal/others,vahivati ward 10 gotri khate avel g.m.e.r.s. hospital ma advance cardiac care ambulance (acls) aapvani kamgiri,4000000.0,521220.07,300000.0,-0.0569
225379.0,THOOTHUKKUDI,Tamil Nadu,normal/others,construction of community hall at ceylon colony village in panchalankurichi panchayat in ottapidaram panchayat union,4000000.0,521220.07,300000.0,-0.0569
225383.0,THOOTHUKKUDI,Tamil Nadu,normal/others,construction of community hall at anavarathanallur village in vasavappapuram panchayat in karungulam panchayat union,4000000.0,521220.07,300000.0,-0.0569
197851.0,MUMBAI SOUTH CENTRAL,Maharashtra,normal/others,near balaji temple matunga east,4000000.0,521220.07,300000.0,-0.0569
231068.0,MUMBAI NORTH,Maharashtra,normal/others,"construction of library and toilets, near sivaganga housing cooperative society, survey no. 263, bhabrekar nagar, charkop village, kandivali west",4000000.0,521220.07,300000.0,-0.0569
197882.0,MUMBAI SOUTH CENTRAL,Maharashtra,normal/others,near vitthal rakumai temple dadar (w),4000000.0,521220.07,300000.0,-0.0569
230964.0,VISAKHAPATNAM,Andhra Pradesh,normal/others,"proposed renovation of zphs includes civil repair works and construction of a new floor, installation of safety grills and doors for the existing second floor, upgradation of classrooms, and increasing the ground level for the ro plant.",4000000.0,521220.07,300000.0,-0.0569
300755.0,ANAKAPALLE,Andhra Pradesh,normal/others,construction of additional class rooms for arts group to sri gurajada appa rao government degree college at dharmavaram in ward no. 10 of yelamanchili municipality of anakapalli district,4000000.0,521220.07,300000.0,-0.0569
229775.0,RAJSAMAND,Rajasthan,normal/others,salgan suchi anusaar rajsamnd jile me school libraries hetu book purchases,4000000.0,521220.07,300000.0,-0.0569
300754.0,ANAKAPALLE,Andhra Pradesh,normal/others,construction of additional class rooms for science group to sri gurajada appa rao government degree college at dharmavaram location in ward no. 10 of yelamanchili municipality of anakapalli district.,4000000.0,521220.07,300000.0,-0.0569
243753.0,BAHRAICH(SC),Uttar Pradesh,normal/others,district bahraich ke schoolon me library hetu pustak aapurti ke sambandh me,4000000.0,521220.07,300000.0,-0.0569
191917.0,KRISHNANAGAR,West Bengal,normal/others,construction of slab culvert on arpara canel from kubernagar bazar to satyapur village in bikrampur gp under nakashipara block.,3997116.0,521220.07,300000.0,-0.0569
242689.0,ELURU,Andhra Pradesh,normal/others,construction of multi purpose hall near yanamadala ramaswamy choulty in appanaveedu village of pedapadu mandal,4000000.0,521220.07,300000.0,-0.0569
142092.0,KANCHEEPURAM(SC),Tamil Nadu,normal/others,"construction of community hall at naickenkuppam panchayat, walajabad panchayat union.",4000000.0,521220.07,300000.0,-0.0569
197044.0,SITAPUR,Uttar Pradesh,normal/others,"construction of big size rcc puliya on west side of rapta pul in kandi nirmalpurva,golak gondor block reausa vidhansabha sweta.",3997981.0,521220.07,300000.0,-0.0569
145431.0,MUMBAI NORTH WEST,Maharashtra,normal/others,"consturction of ladikaran at mrunaltai gore, near nagari niwara parisad, dindoshi, goregaon (e)",4000000.0,521220.07,300000.0,-0.0569
254588.0,ELURU,Andhra Pradesh,normal/others,formation of cc road at sc area for the length of 3.000 to 3.177 km at atapaka village to varahapatnam road junction in kaikaluru mandal,4000000.0,521220.07,300000.0,-0.0569
220737.0,ANAKAPALLE,Andhra Pradesh,normal/others,construction of class rooms (science group) to govt. degree college of v.madugula village and mandal of anakapalli district,4000000.0,521220.07,300000.0,-0.0569
212286.0,TIRUVALLUR(SC),Tamil Nadu,normal/others,construction of additional 2 classroom building  for govt.girls higher secondary school at manavalanagar at vengathur panchayat in kadambathur block.,4000000.0,521220.07,300000.0,-0.0569
182173.0,KAKINADA,Andhra Pradesh,normal/others,"construction of multipurpose hall at 1st ward, yellayyapeta hamlet of kona forest",4000000.0,521220.07,300000.0,-0.0569
217804.0,BALURGHAT,West Bengal,normal/others,repairing of 1.2 kilometer road from khanpur more to ajay das house.,4000000.0,521220.07,300000.0,-0.0569
280135.0,DAVANAGERE,Karnataka,normal/others,construction of samudaya bhavana in kanakuppe village,4000000.0,521220.07,300000.0,-0.0569
204835.0,NAGAPATTINAM(SC),Tamil Nadu,normal/others,construction of bus shelter at aalangudi panchayat of valangaiman block,4000000.0,521220.07,300000.0,-0.0569
157009.0,TRIPURA EAST(ST),Tripura,normal/others,"construction of sports complex in convergence with mgnrega at ambassa & ganganagar aspirational block area,",4000000.0,521220.07,300000.0,-0.0569
225125.0,SIKKIM,Sikkim,normal/others,"construction of drainage system for flood control at shiva kholsa,namcheybong",4000000.0,521220.07,300000.0,-0.0569
278188.0,VISAKHAPATNAM,Andhra Pradesh,normal/others,"construction of a semi-open mess hall with sheet roofing, 3 feet peripheral wall with grill openings, cement flooring, and rcc bench seating for facilitating 400 to 500 students , including basic electrical and allied works, complete in all respects.",4000000.0,521220.07,300000.0,-0.0569
251882.0,VIJAYAWADA,Andhra Pradesh,normal/others,providing gravity main pipeline and 40 kl sump well,4000000.0,521220.07,300000.0,-0.0569
203074.0,KARUR,Tamil Nadu,normal/others,"construction of skill development and employment center building and purchase of smart board, tables and chairs for the skill development and employment center in viralimalai branch library, viralimalai.",4000000.0,521220.07,300000.0,-0.0569
268662.0,KENDRAPARA,Odisha,normal/others,provision of 67 nos. of motirized tricycle with lithium-ion battery (3 years warranty) for pwds patients in kendrapara district,4020000.0,521220.07,300000.0,-0.0569
163291.0,ANANTAPUR,Andhra Pradesh,normal/others,"construction of new building vishranthi dhamam (male block) at govt., general hospital, ananthapuramu",4000000.0,521220.07,300000.0,-0.0569
163380.0,KOLKATA DAKSHIN,West Bengal,normal/others,"construction of additional classrooms and toilet facilities of chetla boys high school at 29 by 2 chetla central road, mani sanyal sarani, chetla, kolkata 700027, ward 82.",4000000.0,521220.07,300000.0,-0.0569
204509.0,PERAMBALUR,Tamil Nadu,normal/others,construction of two classroom building at pinnavasal panchayat union elementary school in poovalur tp,4000000.0,521220.07,300000.0,-0.0569
210680.0,MADURAI,Tamil Nadu,normal/others,"construction of community hall, somagiripatti, near karuppu temple arch(opp. to veterinary hospital), melavalavu panchayat, kottampatti panchayat union 2024-2025",4000000.0,521220.07,300000.0,-0.0569
210459.0,NAGAPATTINAM(SC),Tamil Nadu,normal/others,construction of bus passenger shelter at thopputhurai of vedaranyam municipality,4000000.0,521220.07,300000.0,-0.0569
210453.0,NAGAPATTINAM(SC),Tamil Nadu,normal/others,construction of bus shelter at bazaar street thevur village of thevur panchayat in kilvelur block,4000000.0,521220.07,300000.0,-0.0569
179160.0,INNER MANIPUR,Manipur,normal/others,"contruction of a community hall at lamjing meira ching, awaching, imphal east.",4000000.0,521220.07,300000.0,-0.0569
165948.0,SUPAUL,Bihar,normal/others,supaul jila ke vibhinn vidyalayon me vidyarthiyon ke liye pustako ki aapurti,4000000.0,521220.07,300000.0,-0.0569
211369.0,THOOTHUKKUDI,Tamil Nadu,normal/others,"construction of community hall at ilampuvanam village, ilampuvanam panchayat in thothukudi district",4000000.0,521220.07,300000.0,-0.0569
218824.0,VAISHALI,Bihar,normal/others,installation of multi-gym equipment,4000000.0,521220.07,300000.0,-0.0569
180092.0,THOOTHUKKUDI,Tamil Nadu,normal/others,construction of multi purpose hall at paneerkulam village and panchayat in kayathar panchayat union,3998675.0,521220.07,300000.0,-0.0569
259157.0,DUM DUM,West Bengal,normal/others,purchase of dialysis machine for dr b c roy general hospital and maternity home under new barrackpore municipality,4000000.0,521220.07,300000.0,-0.0569
149731.0,THOOTHUKKUDI,Tamil Nadu,normal/others,construction of community hall at kodukkamparai panchayat in kovilpatti panchayat union,4000000.0,521220.07,300000.0,-0.0569
149732.0,THOOTHUKKUDI,Tamil Nadu,normal/others,construction of community hall at kilavipatti village and panchayat  kovilpatti panchayat union,4000000.0,521220.07,300000.0,-0.0569
150048.0,THOOTHUKKUDI,Tamil Nadu,normal/others,construction of community hall at pommaiahpuram village in sakkammalpuram panchayat vilathikulam panchayat union,3999840.0,521220.07,300000.0,-0.0569
150097.0,BASTI,Uttar Pradesh,normal/others,"construction work of c.c. road from dubaula pachpedwa road to nabi ullah's shop till majhowa chaudhary pitch road, block gaur 530 metre",4016720.0,521220.07,300000.0,-0.0569
261731.0,BAPATLA,Andhra Pradesh,normal/others,providing cc road from rn r b road to govt polytechnic college in repalle municipality,4000000.0,521220.07,300000.0,-0.0569
204837.0,NAGAPATTINAM(SC),Tamil Nadu,normal/others,construction of bus shelter near by kalappal govt. hr. sec. school,4000000.0,521220.07,300000.0,-0.0569
206391.0,KOLKATA UTTAR,West Bengal,normal/others,construction of community hall in ward no. 47,4000000.0,521220.07,300000.0,-0.0569
220734.0,ANAKAPALLE,Andhra Pradesh,normal/others,construction of class rooms (arts group) to govt. degree college of v.madugula village and mandal  of anakapalli district,4000000.0,521220.07,300000.0,-0.0569
218826.0,VAISHALI,Bihar,normal/others,installation of multi-gym equipment,4000000.0,521220.07,300000.0,-0.0569
204836.0,NAGAPATTINAM(SC),Tamil Nadu,normal/others,construction of bus shelter at peralam bus stand in peralam town panchayat,4000000.0,521220.07,300000.0,-0.0569
182609.0,Puducherry,Puducherry,normal/others,providing cement concrete road and drainage facilities to jeevanandham street and swamy vivekananda street at ashok nagar in lawspet constituency.,4000000.0,521220.07,300000.0,-0.0569
219312.0,THOOTHUKKUDI,Tamil Nadu,normal/others,construction of community hall at sakkammalpuram village at vallinayagapuram panchayat in ottapidaram panchayat union tuticorin district,4000000.0,521220.07,300000.0,-0.0569
219237.0,THOOTHUKKUDI,Tamil Nadu,normal/others,construction of community hall at alwarkarkulam village in alwarkarkulam panchayat in karungulam panchayat union tuticorin district,4000000.0,521220.07,300000.0,-0.0569
251087.0,VISAKHAPATNAM,Andhra Pradesh,normal/others,construction of additional classrooms,4000000.0,521220.07,300000.0,-0.0569
208722.0,MEDINIPUR,West Bengal,normal/others,construction of rest house at karnagarh (near karnagarh mahamaya mandir) under salboni ps,4000000.0,521220.07,300000.0,-0.0569
219017.0,MUMBAI NORTH EAST,Maharashtra,normal/others,"samaj kalyan kendra, ladikartan, sushobhikaran at near gurukrupa mandal, anand gad, parkside, ghatkopar west",4000000.0,521220.07,300000.0,-0.0569
198726.0,OUTER MANIPUR(ST),Manipur,normal/others,construction of office and guest house at phalee village,4000000.0,521220.07,300000.0,-0.0569
198720.0,OUTER MANIPUR(ST),Manipur,normal/others,construction of permanent stage at teinem village,4000000.0,521220.07,300000.0,-0.0569
201255.0,BARDHAMAN PURBA(SC),West Bengal,normal/others,construction of the gallery and players restroom with washroom facilities,3982671.0,521220.07,300000.0,-0.0563
161331.0,ARAKU(ST),Andhra Pradesh,normal/others,construction of community centers and community halls,3990000.0,521220.07,300000.0,-0.0563
221036.0,ARAKU(ST),Andhra Pradesh,normal/others,"providing of cc road retaining wall  calvert from 0 0km to 0 250 km from gondivalasa road to morriguda of dumbriguda mandal, asr dt",3990000.0,521220.07,300000.0,-0.0563
236776.0,GHAZIABAD,Uttar Pradesh,normal/others,ward no 16 meerut road mann dham se morta shamshan ghaat tak jane wale marg par proprti se kali sadaktak nali and interlocking tiles ka nirman karya,3965000.0,521220.07,300000.0,-0.0547
239019.0,BILASPUR,Chhattisgarh,normal/others,"bilaspur club parisar civil line bilaspur me septic tank, pravesh gate, boundarywall nirman madar teresa ward, ward no. 23 bilaspur",3968000.0,521220.07,300000.0,-0.0547
140290.0,HARDOI (SC),Uttar Pradesh,normal/others,19 ?? 6?? 170 ?? 200 ??? ???? ????????? ?????,3959045.0,521220.07,300000.0,-0.0547
215774.0,JANGIPUR,West Bengal,normal/others,construction of roads with protection wall towrds the road between giria patlatola to proposed wbsedcl power sub station,3942000.0,521220.07,300000.0,-0.0542
136856.0,FIROZABAD,Uttar Pradesh,normal/others,developement work of interlocking road and drainage system nagla inchi from ajaypal house to rakesh house 275 meter by 4 meter and drainage 550 meter,3947127.0,521220.07,300000.0,-0.0542
226499.0,AGRA(SC),Uttar Pradesh,normal/others,cc work from pappu house to ram bhai school in ramnagar rahul vihar agra,3924100.0,521220.07,300000.0,-0.0542
207102.0,SREERAMPUR,West Bengal,normal/others,"construction of cultural education centre at 34, k.g.t. road, hindmotor, uttarpara under uttarpara-kotrung municipality",3947289.0,521220.07,300000.0,-0.0542
161441.0,BARDHAMAN-DURGAPUR,West Bengal,repair and renovation,restroration of road from pal building to church via big bazar in ward no 3 under burdwan municipality,4197869.0,597548.51,464802.0,-0.0536
220369.0,ALLAHABAD,Uttar Pradesh,normal/others,allahabad loksabha kshetra me high mast installation,3919505.0,521220.07,300000.0,-0.0536
231652.0,BADAUN,Uttar Pradesh,normal/others,budaun mein 19 sthano par semi high mast light (1.696 per light)and 1 sthan par high mast (6.76 per light) light,3898400.0,521220.07,300000.0,-0.0515
184920.0,MIRZAPUR,Uttar Pradesh,normal/others,serial number 09 of letter number 1609 dated 17 feb 2025 of pd drda mirzapur,3907000.0,521220.07,300000.0,-0.0515
141400.0,KANPUR,Uttar Pradesh,normal/others,installation of 26 semi high mast light at 9.5 meter poll (4x200watt) at different places in kanpur nagar according to  letter attached.,3831541.0,521220.07,300000.0,-0.0467
151181.0,REWA,Madhya Pradesh,normal/others,solar street lights,3837900.0,521220.07,300000.0,-0.0467
255803.0,BOLPUR(SC),West Bengal,repair and renovation,"construction of boundary wall, cultural stage and renovation of class room of srinanda high school at jambuni,bolpur .executing agency will be e.o. s s d a ,bolpur .",3961373.0,597548.51,464802.0,-0.0467
218170.0,PHULPUR,Uttar Pradesh,normal/others,10 electric highmast light (20mtr.) and  01 (9 mtr.),3818512.0,521220.07,300000.0,-0.0456
203855.0,BAHARAMPUR,West Bengal,normal/others,"installation of 34 nos cctv cameras at nowda,  the executive agency will be md the west bengal small industries development corporation limited.",3808000.0,521220.07,300000.0,-0.0424
260864.0,AKBARPUR,Uttar Pradesh,trust and society,vikramjeet singh sanatan dharm college ke lala hardatt rai chatrawas ke bagal me pt. deen dayal upadhyay ji ki smriti me ek library ka nirman karya,4883000.0,966698.7,500000.0,-0.0415
222318.0,JHARGRAM(ST),West Bengal,trust and society,"up-gradation of sukanta kridangan as mini stadium under amlasuli gp, paschim medinipur.",4882225.0,966698.7,500000.0,-0.0415
249480.0,KANPUR,Uttar Pradesh,normal/others,janpad kanpur nagar ke vidhan sabha kidwai nagar me 18 nag semi highmast light ka adhisthapan.,3796187.0,521220.07,300000.0,-0.0403
248412.0,BASTI,Uttar Pradesh,normal/others,"construction of a cc road from nagara bodihar square to ekdangi, approximately 500 meters, in bankati development block.",3789000.0,521220.07,300000.0,-0.0398
206801.0,UJJAIN(SC),Madhya Pradesh,normal/others,ujjain sansadiy skestra me 35 divyangjano ko eletric tryscooty praday (sanshodhit 9.10.25),3779650.0,521220.07,300000.0,-0.0392
262639.0,KANTHI,West Bengal,normal/others,installation of solar high mast total 10 nos,3682662.0,521220.07,300000.0,-0.0381
262808.0,KANTHI,West Bengal,normal/others,installation of solar high mast total 10 nos,3682662.0,521220.07,300000.0,-0.0381
197640.0,GORAKHPUR,Uttar Pradesh,normal/others,10 icu bed with remote controls in aiims gorakhpur,3704000.0,521220.07,300000.0,-0.0381
149088.0,CHENNAI SOUTH,Tamil Nadu,normal/others,"kaveri rengan street, thasarathapuram diwakar nagar & streets z-10, ward 129",3686000.0,521220.07,300000.0,-0.0381
204345.0,BISHNUPUR(SC),West Bengal,normal/others,construction of open step gallery,3700000.0,521220.07,300000.0,-0.0381
222638.0,SREERAMPUR,West Bengal,normal/others,purchase for trauma care  ambulance at  matri sadan  rishra under rishra municipality.,3750000.0,521220.07,300000.0,-0.0376
208912.0,GHATAL,West Bengal,normal/others,installation of high mast light 10nos,3749895.0,521220.07,300000.0,-0.0376
251241.0,KURNOOL,Andhra Pradesh,normal/others,"providing a new bus for govt. nursing college, kurnool for transportation and field training.",3724186.0,521220.07,300000.0,-0.0376
250458.0,NORTH WEST DELHI(SC),Delhi,normal/others,"provision of lighting arrangement in various dark spot in ward no.49, ward no.50 and ward no.51",3731085.0,521220.07,300000.0,-0.0376
221829.0,TRIPURA WEST,Tripura,normal/others,installation of three open gymnasium in mohanpur assembly constituency.,3750000.0,521220.07,300000.0,-0.0376
188276.0,HARDOI (SC),Uttar Pradesh,normal/others,lighting of public spaces,3657000.0,521220.07,300000.0,-0.0376
140103.0,MACHHLISHAHR(SC),Uttar Pradesh,normal/others,gram panchayat lahangpur (atahanu) block jalalpur me prem prakash k ghar se bahadur rajbhar k ghar hote huye varanasi border tak soling k upper c c road 780 metters,3646225.0,521220.07,300000.0,-0.0376
181979.0,BOLPUR(SC),West Bengal,normal/others,"installation of highmast street lihgt ai 1.brahmanpara,benepara more.2.kadoa bus stand.3.gobindapur bus stand.4.bunia bus stand.5.murugram shibtola more .6darbarpur more.7.raipur tematha .8.fullora more.executing agency e.o. labpur panchayet samity.",3711481.0,521220.07,300000.0,-0.0376
234908.0,KAKINADA,Andhra Pradesh,normal/others,"providing four (04) patrolling vehicles to district police office, kakinada for public conveniences, safety and security",3656800.0,521220.07,300000.0,-0.0376
206050.0,FATEHPUR SIKRI,Uttar Pradesh,normal/others,15 semi high mask light in kheragarh block rural areas according to letter no95 9410 2025 dated 26-5-2025 6 in sc area,3739293.0,521220.07,300000.0,-0.0376
247599.0,TRIPURA WEST,Tripura,normal/others,"construction of boundary wall including entrance gate around the gaja para school under twisa mungkwrwi vc hezamara rd block within adc area, west tripura.",3647600.0,521220.07,300000.0,-0.0376
156753.0,SRIPERUMBUDUR,Tamil Nadu,normal/others,construction of icds building.,3708000.0,521220.07,300000.0,-0.0376
206052.0,FATEHPUR SIKRI,Uttar Pradesh,normal/others,15 semi high mask light in akola block rural areas according to letter no 95 9410 2025 dated 26-5-2025 4 in sc area,3738854.0,521220.07,300000.0,-0.0376
202428.0,HOOGHLY,West Bengal,normal/others,"renovation or upgradation civil work of mini indoor stadium at bibirhat charaktala under word no  1 under chandannagar municipal corporation, hooghly phase- ii",3727092.0,521220.07,300000.0,-0.0376
286952.0,FATEHPUR SIKRI,Uttar Pradesh,normal/others,installation of semi high-mast lights at 15 public places in block shamshabad: according to letter no 115 patrank 11445 2026 dated 17-6-2026,3740000.0,521220.07,300000.0,-0.0376
296968.0,VAISHALI,Bihar,normal/others,minapur prakhand antargat sarkari vidyalyon ke pustkalyon me pustako ka kray evm aapurti,3750000.0,521220.07,300000.0,-0.0376
139945.0,BOLPUR(SC),West Bengal,normal/others,"construction of boundary wall for tanayendar vidyalaya at goalpara village, executing agency will be eo sriniketan santiniketan development authority,bolpur,birbhum.w.b.",3720542.0,521220.07,300000.0,-0.0376
231215.0,PERAMBALUR,Tamil Nadu,normal/others,construction of two classroom building at alathudaiyanpatti pums in alathudaiyanpatti pt. uppiliyapuram union,3650000.0,521220.07,300000.0,-0.0376
296969.0,VAISHALI,Bihar,normal/others,minapur prakhand antargat sarkari vidyalyon ke pustkalyon me pustako ka kray evm aapurti,3750000.0,521220.07,300000.0,-0.0376
296967.0,VAISHALI,Bihar,normal/others,minapur prakhand antargat sarkari vidyalyon ke pustkalyon me pustako ka kray evm aapurti,3750000.0,521220.07,300000.0,-0.0376
296970.0,VAISHALI,Bihar,normal/others,minapur prakhand antargat sarkari vidyalyon ke pustkalyon me pustako ka kray evm aapurti,3750000.0,521220.07,300000.0,-0.0376
184919.0,MIRZAPUR,Uttar Pradesh,normal/others,serial number 03 work of letter number 1609 dated 17 feb 2025 of pd drda mirzapur,3636000.0,521220.07,300000.0,-0.0371
279661.0,BARABANKI(SC),Uttar Pradesh,normal/others,construction of 200 meter cc road in shuklai village of banki from ayodhya road to the farm of manoj yadav bdc,3640600.0,521220.07,300000.0,-0.0371
279662.0,BARABANKI(SC),Uttar Pradesh,normal/others,construction of 200 meter cc road in shuklai village of banki from link road to plot of tanya verma,3640600.0,521220.07,300000.0,-0.0371
204861.0,BADAUN,Uttar Pradesh,normal/others,district budaun mein 12 diffrent place par sheetal jal pyau ka adhisthapan,3636000.0,521220.07,300000.0,-0.0371
251448.0,SRIKAKULAM,Andhra Pradesh,normal/others,"providing ultra prime 58 plus a plus d seater lp.11.6-54 skl dsl bus for acharya ng ranga agriculture college, naira.",3632057.0,521220.07,300000.0,-0.0371
219236.0,THOOTHUKKUDI,Tamil Nadu,normal/others,construction of 2 class rooms at government high school at sundankottai in pallakurichi panchayat in sathankulam panchayat union tuticorin district,3600000.0,521220.07,300000.0,-0.0365
216369.0,THOOTHUKKUDI,Tamil Nadu,normal/others,santhana sama middle school in ward no. 11 madathuvilai in arumuganeri town panchayat  tuticorin district,3600000.0,521220.07,300000.0,-0.0365
198765.0,ALWAR,Rajasthan,normal/others,"dedicated feeder from 33.11 kv gss pahadi for 24 hours power supply to community health center pahadi, behror",3597559.0,521220.07,300000.0,-0.0365
189484.0,AMETHI,Uttar Pradesh,normal/others,"installation of 185 (one hundred eighty five) solar street lights, as per the list attached",3577530.0,521220.07,300000.0,-0.0365
263510.0,GULBARGA(SC),Karnataka,normal/others,construction of 2 class rooms and other works to govt.hps school at ranjangi village in jewargi taluka,3600000.0,521220.07,300000.0,-0.0365
151113.0,REWA,Madhya Pradesh,normal/others,solar street lights,3663450.0,521220.07,300000.0,-0.0365
174354.0,PURNEA,Bihar,normal/others,"16 mitre unchain wale l.e.d. 150x10 high mask light dsa ground nawratan hata ward no. 22, purnia me 4 adad adhisthapit karne ki anusansha ki jati hai",3600000.0,521220.07,300000.0,-0.0365
174353.0,PURNEA,Bihar,normal/others,"16 mitre unchain wale l.e.d. 150x10 high mask light rang bhumi maidan, ward no. 14, purnea me 4 adad adhisthapit karne ki anusansha ki jati hai",3600000.0,521220.07,300000.0,-0.0365
139571.0,LAKHIMPUR,Assam,normal/others,"construction of temporary iron bridge at kemi river under mplads, for the year 2024-25",3600000.0,521220.07,300000.0,-0.0365
162283.0,MOHANLALGANJ(SC),Uttar Pradesh,normal/others,4 way light 34 pc,3671490.0,521220.07,300000.0,-0.0365
149728.0,THOOTHUKKUDI,Tamil Nadu,normal/others,construction of 2 class rooms at  st. joseph primary school pothakalanvilai village sasthavinallur panchayat sathankulam panchayat union,3600000.0,521220.07,300000.0,-0.0365
225327.0,THOOTHUKKUDI,Tamil Nadu,normal/others,construction of 2 class rooms for holy ghost middle school in manapad manapad panchayat udangudi panchayat union tuticorin district,3600000.0,521220.07,300000.0,-0.0365
150098.0,BASTI,Uttar Pradesh,normal/others,"construction work of pitch road from rajman's house to bhagwandin's house in purva saraiya of gram panchayat siktihwa, block dubaulia 500 metre",3574102.0,521220.07,300000.0,-0.036
138858.0,AMALAPURAM(SC),Andhra Pradesh,normal/others,construction of oc community hall at machara,3507771.0,521220.07,300000.0,-0.0355
193007.0,BISHNUPUR(SC),West Bengal,normal/others,installation of solar street light,3517501.0,521220.07,300000.0,-0.0355
154535.0,BOLPUR(SC),West Bengal,normal/others,"construction work at ghurisha sripur high school, under illambazar block ,executing agency will be e.o.ssda, bolpur ,birbhum.",3532487.0,521220.07,300000.0,-0.0355
201209.0,KARUR,Tamil Nadu,normal/others,"construction of skill development and employment center in illupur library (first floor), ward no 6, illuppur town panchayat.",3500000.0,521220.07,300000.0,-0.0344
135267.0,BASIRHAT,West Bengal,normal/others,installation of 10 nos. (sl.no. 1 to 10) arsenic free electric based water tank under falti beloiaghata g.p and barasat ii p.s,3500000.0,521220.07,300000.0,-0.0344
259032.0,NAGAPATTINAM(SC),Tamil Nadu,normal/others,construction of 2 class room building at vadamattam avn aided primary school in vayaloor panchayat,3500000.0,521220.07,300000.0,-0.0344
198282.0,PORBANDAR,Gujarat,normal/others,purchase of with icu on will ambulances van (four wheelers) keshod city nagar palika,3500000.0,521220.07,300000.0,-0.0344
198267.0,PORBANDAR,Gujarat,normal/others,purchase of with icu on will ambulances van (four wheelers) in jetapur city nagar palika,3500000.0,521220.07,300000.0,-0.0344
198259.0,PORBANDAR,Gujarat,normal/others,purchase of with icu on will ambulances van (four wheelers) in porbandar city mahanagar palika,3500000.0,521220.07,300000.0,-0.0344
297456.0,SARAN,Bihar,normal/others,"construction of a highly advanced community centre in the amnour police station campus under amnour block, saran",3500000.0,521220.07,300000.0,-0.0344
135268.0,BASIRHAT,West Bengal,normal/others,installation of 10 nos. (sl. no.11 to 20) arsenic free water tank under shasan g.p and barasat ii p.s,3500000.0,521220.07,300000.0,-0.0344
137540.0,FATEHPUR SIKRI,Uttar Pradesh,normal/others,"fatehabad me gram suraj malikpura me potiram ki thar, nagar chand bich chauraha, pokhariya neecha khera near banti house, swara me main choraha, harkapura near munnalala house, sutahara near ajendra house,  jamuna gali lotan singh house, rampur harsukh pipal chauraha, ratan devi school yogesh chauhan house, teketpura khender near shyambir chauhan, ahirpura near school, garhi jahan near ajmer singh, lalpura mauja baghel basti, fatehabad near kailas oldsrno 1,2,3,4,6,12,13,14,15,16,17,18,20,21",3489567.0,521220.07,300000.0,-0.0344
262901.0,MUMBAI NORTH WEST,Maharashtra,normal/others,"providing shed and beautification work near new five star seva mandal, nutan chemical compound, walbhatta road, goregaon east, mumbai.",3500000.0,521220.07,300000.0,-0.0344
196943.0,BARASAT,West Bengal,normal/others,blacktop road,3500000.0,521220.07,300000.0,-0.0344
239374.0,DINDIGUL,Tamil Nadu,normal/others,"sithaiyankottai town panchayat 1st ward narasaingapuram 60,000 liters water tank",3500000.0,521220.07,300000.0,-0.0344
192285.0,AZAMGARH,Uttar Pradesh,normal/others,,3481605.0,521220.07,300000.0,-0.0344
169875.0,ULUBERIA,West Bengal,normal/others,construction of gym building and installation of equipments for multigym at dag no 855 mouza uluberia ward no 22 to be maintained by uluberia municipality,3500000.0,521220.07,300000.0,-0.0344
163292.0,ANANTAPUR,Andhra Pradesh,normal/others,"construction of new building vishranthi dhamam (female block) at govt., general hospital, ananthapuramu",3500000.0,521220.07,300000.0,-0.0344
283792.0,NAGALAND,Nagaland,normal/others,tree plantation of agar at tuli,3500000.0,521220.07,300000.0,-0.0344
149704.0,CHALAKUDY,Kerala,normal/others,"contruction of building for janasevana kendram infront of the panchayat office building, karukutty",3500000.0,521220.07,300000.0,-0.0344
286953.0,FATEHPUR SIKRI,Uttar Pradesh,normal/others,"installation of semi high-mast lights at 14 public places in various villages of fatehabad, shamsabad, kheragarh and baroli ahir development blocks : according to letter no 115 patrank 11445 2026 dated 17-6-2026",3491000.0,521220.07,300000.0,-0.0344
262094.0,VISAKHAPATNAM,Andhra Pradesh,normal/others,civil repair works to the entire school including painting. ground levelling along with increasing height. mentioned works in all respects.,3500000.0,521220.07,300000.0,-0.0344
180771.0,MACHILIPATNAM,Andhra Pradesh,normal/others,construction of 60 kl ohsr at mallempudi  hamlet of  chorampudi village bantumilli mandal in krishna district,3500000.0,521220.07,300000.0,-0.0344
239370.0,GANDHINAGAR,Gujarat,normal/others,purchase of mobile library van y for gandhinagar city and rural area and purchase of books.,3500000.0,521220.07,300000.0,-0.0344
252232.0,BARPETA,Assam,normal/others,"field development and earth filling near bajali h.s. school playground, pathsala",3500000.0,521220.07,300000.0,-0.0344
251810.0,FATEHPUR SIKRI,Uttar Pradesh,normal/others,block shamshabad and fatehabad 14 gramo k sarvjanik isthal par semi high mast light,3489740.0,521220.07,300000.0,-0.0344
214125.0,OUTER MANIPUR(ST),Manipur,normal/others,construction of permanent stage at phalee playground,3500000.0,521220.07,300000.0,-0.0344
248432.0,BASTI,Uttar Pradesh,normal/others,"gram panchayat belvadar from ram milan house to tinich shukla satyanarayan house, distance approximately 400 meters, cc road construction work, development block saltua, gopalpur.",3498000.0,521220.07,300000.0,-0.0344
225118.0,SIKKIM,Sikkim,normal/others,supply and installation of pc system and other electronic devices and furniture at various schools of soreng district,3500000.0,521220.07,300000.0,-0.0344
245673.0,KOTA,Rajasthan,normal/others,"kota v bundi jile mai garib marijo ko ghar se hospital tak lane, le jane ke liye icu upkarno se yukt atyadhunik ambulance kray karne ka karya. place- kota, recommended amount 35.00 lakh rs (mplad 2025-26 21 dated 29.04.2025)",3500000.0,521220.07,300000.0,-0.0344
210262.0,BAHARAMPUR,West Bengal,normal/others,"installation of 100 solar street light system at manindra nagar, to md, the executive agency will be the west bengal small industries development corporation ltd. 31, black burn lane,4th floor, shilpa bhavan, (near poddar courts), kolkata- 700012, west bengal",3500000.0,521220.07,300000.0,-0.0344
226172.0,MUMBAI NORTH EAST,Maharashtra,normal/others,"construction of khule sabhagruh or balwadi or vachnalay and sushobhikaran at shahid jayavant patil udyan parisar, ashok kedare chowk, utkarsha nagar, bhandup west",3500000.0,521220.07,300000.0,-0.0344
244067.0,TRIPURA WEST,Tripura,normal/others,"construction of community shed at near thanda kalibari under durgapur gp, jirania rd block, west tripura",3500000.0,521220.07,300000.0,-0.0344
226177.0,MUMBAI NORTH EAST,Maharashtra,normal/others,"construction of balwadi and sushobhikaran at near ghayal sports club, gavdevi road, tembhi pada, bhandup west",3500000.0,521220.07,300000.0,-0.0344
242927.0,CHIDAMBARAM(SC),Tamil Nadu,normal/others,construction of school two class room building at west panchayat union middle school in labbaikudikadu vepur union,3500000.0,521220.07,300000.0,-0.0344
251809.0,FATEHPUR SIKRI,Uttar Pradesh,normal/others,akola baruli aheer bichpuri 14gramo k sarvjanik isthal par semi high mast light,3489555.0,521220.07,300000.0,-0.0344
208648.0,MEDINIPUR,West Bengal,normal/others,construction of female ward and labour room with electrification at depara bphc under medinipur sadar block,3500000.0,521220.07,300000.0,-0.0344
232378.0,SIKKIM,Sikkim,normal/others,supply and installation of pc system and other needed electronic devices and furniture at transport department,3500000.0,521220.07,300000.0,-0.0344
241635.0,FATEHPUR SIKRI,Uttar Pradesh,normal/others,15 installation of semi high mask light as letter no 103-10280-2025 dated 9-10-2025  in block kheragarh,3489729.0,521220.07,300000.0,-0.0344
192962.0,AHMEDABAD WEST(SC),Gujarat,normal/others,"vatva word joggers park, garden ma pedestrian walkway work mate",3475392.0,521220.07,300000.0,-0.0334
143525.0,PERAMBALUR,Tamil Nadu,normal/others,construction of two addnl classrooms for pups venkatesapuram in venkatesapuram pt in thuraiyur panchayat union,3460000.0,521220.07,300000.0,-0.0334
286212.0,KHERI,Uttar Pradesh,normal/others,vikas khand nakaha ke vibhinn 22 sthalon par 6ve semi highmast lighton ka adhishthapan karya,3471400.0,521220.07,300000.0,-0.0334
203857.0,BAHARAMPUR,West Bengal,normal/others,installation of 31 nos cctv cameras at saktipur and the executive agency will be md the west bengal small industries development corporation limited,3472000.0,521220.07,300000.0,-0.0334
143926.0,SIKKIM,Sikkim,normal/others,construction of protective wall at sharchock under lachung dzomsa,3450507.0,521220.07,300000.0,-0.0329
232617.0,TRIPURA WEST,Tripura,normal/others,"construction of community hall with two number of green rooms with kitchen at radha nagar, ward no.12, amc, agartala, tripura 799102.",3453200.0,521220.07,300000.0,-0.0329
180860.0,BOLPUR(SC),West Bengal,normal/others,"construction gallery shed at sdsa  stadium under jurisdiction of bolpur municipality,executing agency will be e.o . ssda ,bolpur.",3454681.0,521220.07,300000.0,-0.0329
138169.0,BISHNUPUR(SC),West Bengal,normal/others,"installation of solar led street light with pole (pole- 6mtr, 18watt, battery- 12.8v, 24 ah lithium ferro battery, module- 75wp solar panel) total 91 nos. x 38000/-each",3458000.0,521220.07,300000.0,-0.0329
254465.0,ALLAHABAD,Uttar Pradesh,normal/others,high mast in allahabad loksabha,3435880.0,521220.07,300000.0,-0.0323
143087.0,PURNEA,Bihar,normal/others,16 miter unchai wale l.e.d. (150*8) high mask light purniya medical college aewm asptal parishar me char  adad adhisthapit karne ki anusansha ki jati hai,3400000.0,521220.07,300000.0,-0.0301
242424.0,HOWRAH,West Bengal,normal/others,making road from bhakta para to lalatala anish laskar house under mouza sarenga jl 15  at  sarenga gp under ac 174 in mplad,3400000.0,521220.07,300000.0,-0.0301
222921.0,TIRUVALLUR(SC),Tamil Nadu,normal/others,"construction of class room at othikadu csi government aided school at, tiruvallur block",3400000.0,521220.07,300000.0,-0.0301
192859.0,BARASAT,West Bengal,normal/others,solar light 100 pcs,3401993.0,521220.07,300000.0,-0.0301
263490.0,GULBARGA(SC),Karnataka,normal/others,construction of 2 class rooms and other works to govt.hps school at kalagnoor village in kalaburagi taluka (scp),3400000.0,521220.07,300000.0,-0.0301
263444.0,GULBARGA(SC),Karnataka,normal/others,construction of 2 class rooms and other works to govt.hps school at bhagodi village in chittapur taluka,3400000.0,521220.07,300000.0,-0.0301
206030.0,ALLAHABAD,Uttar Pradesh,normal/others,"5hp samarseble pumps in prayagraj nagar nigam ward 57 katghar,83 dariyabad,90 shahganj gadisharay.",3400000.0,521220.07,300000.0,-0.0301
214050.0,SREERAMPUR,West Bengal,normal/others,"estimate for supply erection and commissioning of 30 nos 7 mtr octagonal pole tower light system at different wards.1. ward 12,2. ward 13,3.ward 14,4.ward 15,5.ward 16,6.ward 17,7.ward 1,8.ward 2,9.ward 3,10.ward  4,11.ward  5,12.ward 6,13.ward  7,14.ward  8,15.ward 9,16.ward 10,17. ward 11,18.ward 18,19.ward 19,20.ward 20,21. ward 21,22.ward 22,23. ward 23,24.ward 23,25. ward 9,26. ward - 8,27.ward 10,28.ward 13,29.ward 16,30.ward 17.",3398430.0,521220.07,300000.0,-0.0291
146371.0,VILUPPURAM(SC),Tamil Nadu,normal/others,construction of patient waiting shed to new maternity block in government viluppuram medical college and hospital at mundiyambakkam in viluppuram district.,3393546.0,521220.07,300000.0,-0.0286
288187.0,AKBARPUR,Uttar Pradesh,normal/others,ward-46 me c.b.d. gurukul public school se satbari road tak sadak nirman karya. length 240m,3391000.0,521220.07,300000.0,-0.0286
160023.0,ARAKKONAM,Tamil Nadu,normal/others,construction of cement road and bridge near erimannur village,3389297.0,521220.07,300000.0,-0.0286
210713.0,ALATHUR(SC),Kerala,repair and renovation,parappuram road renovation,3568735.0,597548.51,464802.0,-0.0271
160975.0,HATKANANGLE,Maharashtra,trust and society,at rethre dharan setting up public non-conventional energy plants,3968967.0,966698.7,500000.0,-0.0261
241019.0,HOOGHLY,West Bengal,normal/others,installation of cctv night vision camera at different places of polba police station.,3340759.0,521220.07,300000.0,-0.026
176186.0,GHAZIPUR,Uttar Pradesh,normal/others,"installation of electric semi high mast light by up laghu udyog nigam ltd kanpur at the following places- gram sabha toliyani,gram sabha dhaval,gram sabha belhari,gram sabha mat uchouri,gram sabha chitoura patti chitouli,gram sabha badepur mustafabad,gram sabha holipur,gram sabha rawal,gram sabha chakia nawaz chowk, gorpara,gram darvepur,gram sabha mainpur,gram sabha ishopur,gram sabha gora,gram sabha garibchatti,gram sabha pipnar,gram mirzapur lakshiram pur,gram sabha daulatpur,gram tetarpur",3368957.0,521220.07,300000.0,-0.026
244495.0,THIRUVANANTHAPURAM,Kerala,normal/others,"construction of turf near st. josephs lp school kochuveli, vettucaud ward",3355000.0,521220.07,300000.0,-0.026
209094.0,ASANSOL,West Bengal,normal/others,supply and installation of 12.5 mtr. electric high mast lights (07 nos.),3374000.0,521220.07,300000.0,-0.026
231681.0,MURSHIDABAD,West Bengal,normal/others,"electrification work at rabindra nazrul sadan , domkal under domkal municipalitya.",3350000.0,521220.07,300000.0,-0.026
242142.0,HOOGHLY,West Bengal,normal/others,installation of cctv night vision camera with control room and other instruments.,3340059.0,521220.07,300000.0,-0.026
149858.0,Puducherry,Puducherry,normal/others,"formation of road to the john kumar nagar, extention, srinivasa nagar and akd nagar including approach roads to mothilal nagar, moolakulam in oulgaret municipality, puducherry.",3345017.0,521220.07,300000.0,-0.026
260608.0,DHAURAHRA,Uttar Pradesh,normal/others,induction work of 21 (6way) semi high mast light at variouas places according to the attached list in the legislative assembly dhaurahara.,3313600.0,521220.07,300000.0,-0.0255
220093.0,ERNAKULAM,Kerala,normal/others,"construction of smart anganvadi at ward 8, njarackal gp",3329330.0,521220.07,300000.0,-0.0255
262663.0,KANTHI,West Bengal,normal/others,installation of solar high mast light total 09 nos,3314396.0,521220.07,300000.0,-0.0255
194585.0,BASTI,Uttar Pradesh,normal/others,"construction of cc road from pco square to wisdom school in ward no. 18 millat nagar in nagar palika parishad basti, distance of approximately 300 meters.",3320638.0,521220.07,300000.0,-0.0255
260609.0,DHAURAHRA,Uttar Pradesh,normal/others,induction work of 21(6way) semi high mast light at various places according list in the legislative assembly mitauli.,3313600.0,521220.07,300000.0,-0.0255
169435.0,CHENNAI SOUTH,Tamil Nadu,repair and renovation,"renovation of neelangarai, worker estate corporation park with all modern facilities",3525000.0,597548.51,464802.0,-0.0235
158435.0,VADODARA,Gujarat,normal/others,khiskoli circle kale pase vahivati wardno.12 jagannath mandir pase rcc road banavva ni kamgiri,3300341.0,521220.07,300000.0,-0.0234
248990.0,ULUBERIA,West Bengal,normal/others,construction of library building at kulgachia adarsa sangha library,3300000.0,521220.07,300000.0,-0.0234
221411.0,VIJAYAWADA,Andhra Pradesh,normal/others,supply of erection of 2300 hp vt pump and motor -1 no  and electrical and mechanical works at vedadri - kanchala lift irrigation scheme on krishna river in jaggaiahpeta mandal of ntr district,3290032.0,521220.07,300000.0,-0.0213
189892.0,AMETHI,Uttar Pradesh,normal/others,"installation of 170 (one hundred seventy) solar street lights, as per the list attached",3287460.0,521220.07,300000.0,-0.0213
160114.0,NALGONDA,Telangana,trust and society,"procurement and supply of phaco machine to tkv rangacharyulu & ranganayakamma lions eye hospital, miryalaguda",3870000.0,966698.7,500000.0,-0.0206
283179.0,MAINPURI,Uttar Pradesh,normal/others,"construction work for the proposed bridge over the arind naliincluding riverbank strengthening on both sides and the construction of approach roadsat village rathera, under assembly constituency mainpuri, tehsil mainpuri, and block mainpuri.",3282000.0,521220.07,300000.0,-0.0198
246647.0,TIRUNELVELI,Tamil Nadu,normal/others,providing of bt road at soorankudi village cross road in soorankudi panchayat at kalakadu panchayat union.,3270000.0,521220.07,300000.0,-0.0198
236774.0,GHAZIABAD,Uttar Pradesh,normal/others,ward no 35 akbarpur bahrampur me inderpal ke makan se amzad mobaile ki dukan tak c c road and nali nirman karya,3275000.0,521220.07,300000.0,-0.0198
161329.0,ARAKU(ST),Andhra Pradesh,normal/others,providing drains and gutters for public drainage,3250000.0,521220.07,300000.0,-0.0172
138568.0,TIRUPPUR,Tamil Nadu,normal/others,construction of two classroom building at ward no.14 periyar colony mms - triruppur corporation,3245416.0,521220.07,300000.0,-0.0172
225117.0,SIKKIM,Sikkim,normal/others,supply and installation of pc system and needed electronic devices and furniture at various schoolsof soreng district,3250000.0,521220.07,300000.0,-0.0172
225600.0,SIKKIM,Sikkim,normal/others,supply and installation of pc system and other electronic devices and furniture at various schools of soreng district,3250000.0,521220.07,300000.0,-0.0172
283694.0,KRISHNAGIRI,Tamil Nadu,normal/others,bt road from d.kottai bevanatham road to thimmachandiram pt.,3253000.0,521220.07,300000.0,-0.0172
285388.0,RAE BARELI,Uttar Pradesh,normal/others,installation of 150 (sl no. 1 to 150) solar lights as per the attached list,3224550.0,521220.07,300000.0,-0.0167
241631.0,FATEHPUR SIKRI,Uttar Pradesh,normal/others,"15 nos installation of semi high mask light as letter no 103-10265-2025 dated 6-10-2025 block achhnera, bichpuri, shamshabad, fatehabad",3238913.0,521220.07,300000.0,-0.0167
157219.0,KANTHI,West Bengal,normal/others,installation of (12) nos. solar high mast street light at different place of contai- i block,3239337.0,521220.07,300000.0,-0.0167
283030.0,RAE BARELI,Uttar Pradesh,normal/others,installation of one hundred fifty (sl. no. 1 to 150) solar lights as per the enclosed list,3224550.0,521220.07,300000.0,-0.0167
160915.0,BIRBHUM,West Bengal,normal/others,"construction of p.c.c road , executive agency - e.o zella parishad",3215000.0,521220.07,300000.0,-0.0167
189875.0,AMETHI,Uttar Pradesh,normal/others,"installation of 143(one hundred forty three) solar street lights, as per the list attached",3212352.0,521220.07,300000.0,-0.0157
197962.0,FIROZABAD,Uttar Pradesh,normal/others,in madhoganj bateshwar  road to vijay veer house cc and drainage  325 meters,3199000.0,521220.07,300000.0,-0.0152
248436.0,BASTI,Uttar Pradesh,normal/others,"construction of cc road from gopiyapar crossing on kaptanganj city road to tulsiram house to satiram house, distance approximately 330 meters, development block- kaptanganj.",3204000.0,521220.07,300000.0,-0.0152
282914.0,UDHAMPUR,Jammu And Kashmir,normal/others,"construction of community hall by way of columns and laying of rcc slab at guru ashram sukrala, panchayat billawer, district kathua",3200000.0,521220.07,300000.0,-0.0152
146441.0,SIKKIM,Sikkim,normal/others,construction of protective wall for village footpath near the house of mr.p.t bhutia at middle luing,3200000.0,521220.07,300000.0,-0.0152
242977.0,AMALAPURAM(SC),Andhra Pradesh,normal/others,construction of cc road from bokka rambabu shop to existing cc road at agraharam in 8th ward,3200000.0,521220.07,300000.0,-0.0152
286312.0,ALWAR,Rajasthan,normal/others,"work to relocate the 33 kv power line passing over houses specifically those of shri bhagwan halwai (located on khushkhera-asamiyat road), as well as residences in nai colony, harijan colony, and pradhan colony extending from the bus stand and desi dhani-gandhi chowk to the houses of b. hit ambram within the jurisdiction of the tapukara municipality",3200000.0,521220.07,300000.0,-0.0152
149399.0,ELURU,Andhra Pradesh,normal/others,"construction of resting barracks with attached wash rooms for men in the district police office, eluru",3204000.0,521220.07,300000.0,-0.0152
230981.0,MUMBAI NORTH,Maharashtra,normal/others,"construction of a multipurpose sports turf in the open space gorai 3, borivali west,",3200000.0,521220.07,300000.0,-0.0152
263520.0,ELURU,Andhra Pradesh,normal/others,construction of multipurpose hall at ramudikunta cheruvu,3200000.0,521220.07,300000.0,-0.0152
257159.0,UNNAO,Uttar Pradesh,normal/others,interlocking work in the populated area from the main road of rawatpur lalaman kheda in vikas khand bighapur.,3200000.0,521220.07,300000.0,-0.0152
204868.0,VIZIANAGARAM,Andhra Pradesh,normal/others,"providing 20 passengers,1320 kgs lift in mch(gosha)hospital, vizianagaram",3200000.0,521220.07,300000.0,-0.0152
165477.0,GUNA,Madhya Pradesh,normal/others,purchase of ambulance,3200000.0,521220.07,300000.0,-0.0152
149400.0,ELURU,Andhra Pradesh,normal/others,"construction of resting barracks with attached wash rooms for women in the district police office, eluru",3204000.0,521220.07,300000.0,-0.0152
160266.0,GUNA,Madhya Pradesh,normal/others,ambulance for medical college shivpuri,3184764.0,521220.07,300000.0,-0.0142
200659.0,GHAZIPUR,Uttar Pradesh,normal/others,installation of high mask lights at 1 dilawal patti 2 akhtiyarpur 3 nakhatpur 4 kodri 6 bahlolpur 7 bijaura 8 chaura boj bazar 9 mednipur 10 bahadurpur 11 vishnupur piprahi 12 jargo 13 saathipur dullahpur 14 sonwal 15 badhai khurd 16 peelkuwa subhakharpur 17 afzalpur 18 ballipur gopalpur 19 bara,3193200.0,521220.07,300000.0,-0.0142
209004.0,JALPAIGURI(SC),West Bengal,normal/others,"construction of paver block road with guard wall from lt. mohadev pal house to naru saha house via ajay dey house to subodh basak house, vivekananda para, ward no 24, jalpaiguri municipality",3173020.0,521220.07,300000.0,-0.0131
225313.0,KANNAUJ,Uttar Pradesh,normal/others,please get the cc drain constructed on about 250 meter road from the house of shri pradeep katiyar to the house of shri sandeep yadav in mohalla patel nagar saraimir district kannauj uttar pradesh,3170000.0,521220.07,300000.0,-0.0131
172806.0,THRISSUR,Kerala,repair and renovation,"infrastructure facility for modern laboratory at the general hospital, thrissur.",3300001.0,597548.51,464802.0,-0.0115
255100.0,KANNAUJ,Uttar Pradesh,normal/others,please refer to my office letter number 412025 dated 19-05-2025 in which the project director district rural development agency kannauj vide letter number 329accountsdevelopmentestimate 2025 26 dated 17062025 provided an estimate of rupees thirty one lakh fiftynine thousand only for the construction of a concrete drain from shri sher bahadurs house to shri adityas field in arifpur village saurikh development block kannauj district uttar pradesh a sum of rupees thirty one lakh fifty-nine thousand,3159000.0,521220.07,300000.0,-0.0111
262749.0,KANTHI,West Bengal,normal/others,installation of solar high mast total 11 nos,3159462.0,521220.07,300000.0,-0.0111
195296.0,ALIPURDUARS(ST),West Bengal,normal/others,construction of paver block road and both side pcc drain near the house of swaraj ghising to manne pradhan house birpara i gp within madarihat birpara block district alipurduar,3159049.0,521220.07,300000.0,-0.0111
226476.0,AGRA(SC),Uttar Pradesh,normal/others,cc work from rajendra prasad baghe house to baghel ashram in mukhwar majara tiket  bock etmadpur,3159521.0,521220.07,300000.0,-0.0111
260605.0,DHAURAHRA,Uttar Pradesh,normal/others,indution work of semi high mast  6th way light 20 numbers in  various places according to the attached list in legislative assembly mohammdi.,3155800.0,521220.07,300000.0,-0.0106
163441.0,JHARGRAM(ST),West Bengal,normal/others,installation of 11 (eleven) nos. of solar mini high mast light (single pole 4 nos arm light) at different place of ragra gram panchayat under sankrail panchayat samity within jhargram district.,3156302.0,521220.07,300000.0,-0.0106
171398.0,CUDDALORE,Tamil Nadu,normal/others,providing led street lights - supply and erection of double arm pole - 7mtr height-  chennai to kumbakkonam main road at ward no. 20 in  panruti municipality,3136643.0,521220.07,300000.0,-0.0101
269816.0,ALWAR,Rajasthan,normal/others,purchase of a mobile library vehicle with training equipment and furniture in alwar lok sabha constituency,3150000.0,521220.07,300000.0,-0.0101
163368.0,JHARGRAM(ST),West Bengal,normal/others,installation of 92 (ninety two) nos. single arm solar light at different place of kharikamathani gram panchayat under nayagram panchayat samity within jhargram district.,3127353.0,521220.07,300000.0,-0.0101
163359.0,BANKURA,West Bengal,normal/others,"supply of 7 (seven) nos. of (1300 ltr.) stainless steel water tank with trailer at different gram panchayat namely haludkanali, rajakata, rudra, barikul, rautora gp and ranibandh panchayat samity of ranibandh block and ranibandh panchayat samity under ranibandh block.",3150000.0,521220.07,300000.0,-0.0101
174383.0,KALLAKURICHI,Tamil Nadu,normal/others,procurement and supply of bench and desk to manalurpet govt boys higher sec school (150 set),3132900.0,521220.07,300000.0,-0.0101
189488.0,KOLKATA DAKSHIN,West Bengal,normal/others,"construction of shed at sahapur maitri sangha club basket ball ground at 39, j.k. pal road, kol - 700038 in k.m.c. ward 118.",3122000.0,521220.07,300000.0,-0.0101
249952.0,REWA,Madhya Pradesh,normal/others,solar street lights,3137644.0,521220.07,300000.0,-0.0101
249955.0,REWA,Madhya Pradesh,normal/others,solar street lights,3137644.0,521220.07,300000.0,-0.0101
151191.0,REWA,Madhya Pradesh,normal/others,solar street lights,3140358.0,521220.07,300000.0,-0.0101
136857.0,FIROZABAD,Uttar Pradesh,normal/others,developement of interlocking and drainage system from kishanpal house to jagdish yadav plot length 400 meter by 4 meter,3148552.0,521220.07,300000.0,-0.0101
155352.0,KOLKATA DAKSHIN,West Bengal,normal/others,renovation of pathway including shore protection of natun pally pond at r.b. road bye lane in k.m.c. ward 118 under br-xiii.,3120000.0,521220.07,300000.0,-0.0086
156124.0,TEHRI GARHWAL,Uttarakhand,normal/others,letter as per attached.,3120000.0,521220.07,300000.0,-0.0086
201326.0,BANKURA,West Bengal,normal/others,"construction of two storeyed community hall at ailakundi under anchuri gram panchayat, bankura 1 no block, district bankura, mouza  ailakundi, plot no 321, jl no  217",3100000.0,521220.07,300000.0,-0.0075
138639.0,HOOGHLY,West Bengal,normal/others,seating arregment at the premises of dhanikhali state general hospital,3093826.0,521220.07,300000.0,-0.0075
241596.0,AGRA(SC),Uttar Pradesh,normal/others,cc work from in nagla swaroop from umv to shivdayal house badi tanki ki aur sno 14 in letter no letter no d.o.nomosfahdagra20252028 dated 18-6-2025 attached,3096000.0,521220.07,300000.0,-0.0075
274864.0,JAHANABAD,Bihar,normal/others,purchase and supply 5 book shelves each (as per the specifications enclosed with this letter) under furniture in the mentioned 15 different schools in jehanabad district,3112500.0,521220.07,300000.0,-0.0075
228919.0,NORTH GOA,Goa,normal/others,development of open sapce and children park ella crast colony vp se old goa,3109122.0,521220.07,300000.0,-0.0075
256237.0,PHULPUR,Uttar Pradesh,normal/others,sanlaganak ke anusar 04 interloking work,3101000.0,521220.07,300000.0,-0.0075
190282.0,AKBARPUR,Uttar Pradesh,normal/others,vidhan sabha kalyanpur ke antargat ward -44 khyora ke antargat makdikheda me deepak pandey ji ke makan se sonu kumar ke makan se vikrant singh makan se rajneesh pandey ke makan tak interlocking road v nali ka nirman karya. length 215m,3080958.0,521220.07,300000.0,-0.0075
142751.0,TENKASI(SC),Tamil Nadu,normal/others,conversion of earthern to black top road at mangammal salai in tenkasi municipality,3100000.0,521220.07,300000.0,-0.0075
190721.0,MAYURBHANJ (ST),Odisha,normal/others,installation of outdoor led display board size 7.5ft12.5ft executive agency itda (baripada),3100000.0,521220.07,300000.0,-0.0075
141947.0,CHITTOOR,Andhra Pradesh,normal/others,"construction of 60kl, elsr at kondamitta (vinayakapuram) in wardno.28 in chittoor municipal corporation, chittoor constituency.",3100000.0,521220.07,300000.0,-0.0075
203333.0,AMETHI,Uttar Pradesh,normal/others,"installation of 137 (one hundred thirty-seven) solar street lights at various locations in block jagdishpur and bazar shukul, as per the attached list.",3077568.0,521220.07,300000.0,-0.0065
153242.0,RAMPUR,Uttar Pradesh,normal/others,"construction of  760mtr. boundary wall in shaheed-e-azam sports stadium bamanpuri,rampur (i.a. red rampur)",3069043.0,521220.07,300000.0,-0.006
283031.0,RAE BARELI,Uttar Pradesh,normal/others,installation of 1 to 142 (one hundred forty two) solar lights as per the attached list,3052574.0,521220.07,300000.0,-0.0035
226477.0,AGRA(SC),Uttar Pradesh,normal/others,cc work from omprakash house to ramesh vakil house in village sikatara block etmadpur,3053742.0,521220.07,300000.0,-0.0035
151387.0,REWA,Madhya Pradesh,normal/others,rcc bench,3062430.0,521220.07,300000.0,-0.0035
224707.0,ANANTNAG,Jammu And Kashmir,normal/others,construction of footbridge over panihad nallah near graveyard at mohra gurian,3060000.0,521220.07,300000.0,-0.0035
181968.0,BOLPUR(SC),West Bengal,normal/others,"development of adayasakti park at bolpur municipality ward no20.executing agency e.o.ssda,",3060311.0,521220.07,300000.0,-0.0035
183102.0,ANDAMAN AND NICOBAR ISLANDS,Andaman And Nicobar Islands,trust and society,"con. bore well with water tank (60000 ltr capacity), boundary wall with gate, parking space, toilets with bathroom, drainage system, rain harvesting system at sri guruji community centre, dollygunj",4992971.0,966698.7,500000.0,-0.0031
286954.0,FATEHPUR SIKRI,Uttar Pradesh,normal/others,"installation of semi high-mast lights at 12 public places in villages of kheragarh, jaitpur and bah development blocks according to letter no 115 patrank 11445 2026 dated 17-6-2026",2992000.0,521220.07,300000.0,-0.0005
232651.0,BASTI,Uttar Pradesh,normal/others,"cc road construction work from musha belghat road to kali prasads house in velghat purva, distance approximately 350 meters, block-gaur.",2994000.0,521220.07,300000.0,-0.0005
156814.0,MEDINIPUR,West Bengal,normal/others,construction of boundary wall and renovation  of mohonpur rural hospital,2994902.0,521220.07,300000.0,-0.0005
218858.0,HINGOLI,Maharashtra,normal/others,"construction of cement concrete road in dr. ambedkar nagar, at somthana tq. wasmat dist hingoli.",2993160.0,521220.07,300000.0,-0.0005
145805.0,SIKKIM,Sikkim,normal/others,construction and renovation of approach road at sharchock below lachung monastery,2995995.0,521220.07,300000.0,-0.0005
220221.0,KANPUR,Uttar Pradesh,normal/others,lok sabha kanpur nagar me 04 nag steel  tanker ki apurti ka karya,2996000.0,521220.07,300000.0,-0.0005
